age,work,study,econhs,colgpa,hsgpa,acteng,actmth,act,mathscr,male,calculus,attexc,attgood,fathcoll,mothcoll,score
23,15,10,0,3.4909,3.355,24,26,27,10,1,1,0,0,1,1,84.43
23,0,22.5,1,2.0999999,3.2190001,23,20,24,9,1,0,0,0,0,1,57.380001
21,25,12,0,3.0850999,3.306,21,24,21,8,1,1,1,0,0,1,66.389999
22,30,40,0,2.6805,3.977,31,28,31,10,0,1,0,1,1,1,81.150002
22,25,15,1,3.7454,3.8900001,28,31,32,8,1,1,0,1,0,1,95.900002
22,0,30,0,3.0555,3.5,25,30,28,10,1,1,1,0,0,1,83.610001
22,20,25,1,2.1666,3,15,19,18,9,0,1,0,1,0,0,76.230003
22,20,15,0,3.2544,3.77,28,30,32,9,1,1,1,0,1,1,84.43
22,28,7,0,3.1298001,3.927,28,28,30,6,0,0,1,0,0,1,79.510002
21,22.5,25,0,2.2423999,2.77,18,19,17,9,0,1,0,1,0,0,46.720001
21,0,25,0,2.8666,3.677,25,23,24,10,0,1,0,1,0,0,83.610001
20,30,15,0,2.9363,3.2219999,27,21,26,8,0,1,0,0,0,1,71.309998
19,8,22.5,1,3.6607001,3.575,27,21,23,9,0,0,1,0,0,0,79.510002
20,22.5,17.5,1,1.6511,3.3940001,22,19,22,7,0,0,0,1,1,1,59.02
22,10,12,1,2.7405,3.26,,,,7,0,1,0,1,0,1,65.57
19,10,20,0,3.3898001,3.842,28,28,26,9,0,1,1,0,1,1,83.610001
21,22.5,10.5,0,1.8604,2.76,17,16,17,2,0,0,0,1,0,0,54.919998
20,10,10,0,3.0952001,3.3889999,24,26,24,9,0,1,0,1,1,1,77.870003
21,25,12,0,2.5078001,3.378,28,24,29,6,0,0,0,0,1,1,67.209999
21,10,20,1,3.6931,3.98,28,23,24,9,0,1,0,1,0,1,74.589996
28,0,20,1,2.4890001,3.45,21,21,19,6,0,0,0,1,1,1,40.98
22,20,4,0,2.8025999,3.244,18,18,20,4,0,0,0,1,1,0,69.669998
19,12.5,11,0,2.8599999,3.812,23,26,23,8,1,1,1,0,0,0,75.410004
20,0,20,1,1.9693,3.1600001,23,21,21,9,0,1,0,1,0,0,69.669998
21,25,25,1,2.6271999,3.75,32,25,28,8,1,1,0,1,1,1,67.209999
21,25,25,0,1.95,3.0239999,25,24,25,4,1,0,0,1,1,0,50
20,17.5,20,0,3.9892001,4,32,32,33,10,0,1,1,0,1,1,92.620003
21,12,20,0,3.2679999,3.75,23,19,24,6,0,1,0,1,0,1,72.949997
21,20,10,0,3.0925,3.612,21,27,23,10,0,1,0,0,0,0,86.07
21,10,30,0,3.3599999,3.22,24,29,27,10,1,1,1,0,1,1,88.519997
21,20,10,0,3.4823999,3.2539999,29,21,26,5,1,0,0,1,1,1,86.889999
21,27.5,12,1,2.075,3.2249999,20,19,20,7,0,1,0,1,1,1,45.900002
21,0,25,0,3.7651,3.75,27,30,28,10,1,1,1,0,0,1,86.889999
20,10,30,1,2.8245001,3.694,21,24,24,9,0,1,0,1,1,1,89.339996
21,10,15,0,3.0743001,3.257,26,23,23,5,0,0,1,0,0,0,54.099998
21,12,15,0,2.5281,3.21,13,12,15,7,0,0,0,1,0,0,62.299999
21,20,30,1,2.1126001,3.405,12,18,15,7,0,1,0,1,0,0,60.66
21,12,13.5,0,3.1046,2.8610001,20,18,19,8,0,1,0,1,1,1,60.66
21,4,8,0,2.1322999,3.263,24,22,24,9,0,1,0,1,0,0,62.299999
21,18,15,1,2.7635,3.359,24,22,25,7,1,1,0,1,1,0,73.769997
22,0,7,0,1.7222,2.9200001,20,22,22,5,1,0,0,1,0,1,76.230003
21,35,5,0,2.0283,3.3670001,21,25,23,9,1,1,0,0,0,0,82.790001
21,14,17.5,0,2.4303,3.1800001,15,23,18,9,1,1,0,1,0,0,77.050003
20,10,12.5,1,2.3145001,3.49,23,28,23,7,0,1,1,0,1,1,63.110001
21,0,2,0,3.7867,4.0799999,21,26,25,10,0,1,0,1,1,1,86.07
21,17,12,0,3.0922,3.4360001,21,25,23,10,1,1,0,1,1,0,85.25
21,25,10,1,2.1171,3.2750001,15,20,18,9,1,1,0,1,0,0,59.84
20,15,15,0,2.5727,3.1659999,26,25,27,9,0,1,0,1,1,1,67.209999
22,25,20,0,2.5,3.21,22,23,19,9,1,0,0,1,0,0,28.690001
20,20,5,1,2.5833001,3.263,25,25,26,7,0,0,1,0,1,0,77.050003
21,10,20,1,2.8461001,3.75,24,27,28,10,1,1,0,1,0,0,85.25
21,14,25,0,3.3708999,3.1619999,19,20,21,3,1,1,0,1,1,1,76.230003
21,16,2,0,3.4942999,3.984,29,36,31,10,1,1,1,0,1,1,97.540001
20,13,10,1,2.9444001,3.3800001,25,18,23,9,0,1,1,0,0,1,70.489998
20,13.5,7.5,0,2.5325999,3.1900001,24,29,25,9,1,1,0,1,1,1,60.66
21,0,9,0,2.3125,2.658,16,20,19,7,1,1,0,1,0,0,41.799999
19,0,15,0,2.3928001,3.1289999,17,25,21,8,1,1,0,1,0,0,68.849998
21,13.5,50,1,2.1810999,3.5829999,12,15,13,4,1,1,1,0,1,1,41.799999
20,20,17.5,0,2.2665999,3.0769999,29,25,28,8,0,0,0,1,1,1,62.299999
20,0,12.5,0,3.2857001,3.4560001,21,18,20,8,1,1,1,0,0,1,85.25
20,5,6,0,2.677,3.388,19,19,18,5,0,0,1,0,1,0,49.18
20,12.5,12,0,2.7234001,2.74,25,20,22,7,0,1,0,1,0,0,71.309998
20,6,10,0,3.4019001,3.289,19,19,20,6,1,0,1,0,0,0,90.160004
20,19.5,20,0,2.6491001,3.5710001,20,28,24,9,0,1,0,1,0,1,73.769997
21,15,20,1,2.25,3.1800001,16,17,17,1,0,1,0,1,1,1,53.279999
20,5,10,0,2,2.776,21,22,24,7,1,1,0,1,0,1,63.93
20,15,20,0,2.0510001,3.937,27,29,28,10,0,1,0,1,1,1,92.620003
19,18,7.5,1,2.6176,3.0699999,16,23,18,10,1,1,1,0,0,0,78.690002
19,17,16,0,3.1458001,3.5139999,23,24,22,8,0,1,1,0,0,0,62.299999
19,0,22,0,3.4284999,3.533,23,24,25,10,1,1,0,1,1,1,94.260002
19,10,8,1,2.862,3.5,23,24,25,10,1,1,0,1,0,0,71.309998
19,8,6,1,3.0534999,3.743,25,29,25,9,1,1,0,1,1,1,88.519997
20,0,8,0,2.7636001,2.9890001,17,21,20,4,1,1,0,1,1,0,88.519997
20,0,2,0,1.9732,3.6900001,18,25,20,5,1,1,0,1,0,0,65.57
20,12,7,0,2.4621999,3,22,20,20,3,1,0,0,1,1,1,54.919998
20,15,5,0,2.0106001,3.207,26,21,25,7,1,1,0,1,1,0,59.02
20,8,10,1,2.7169001,3.22,21,22,21,9,1,1,0,1,0,1,73.769997
21,0,7.5,0,2.8938999,3.648,25,29,27,10,0,1,0,1,1,1,66.389999
19,25,10,1,2.5208001,3.53,27,25,27,9,0,0,1,0,1,1,68.849998
20,0,10,0,2.4038,3.49,22,29,25,10,1,1,0,1,1,1,81.150002
19,14,30,0,2.3666,2.8859999,23,20,20,8,0,1,1,0,0,1,79.510002
20,8,11,1,2.2454,3.0580001,20,23,20,8,0,1,0,1,1,1,63.93
20,22.5,14,0,2.7795999,3.2060001,25,27,25,9,0,1,0,0,0,0,58.200001
20,25,12.5,1,3.0090001,3.5139999,26,17,24,5,0,1,1,0,1,0,66.389999
20,7,15,0,2.5250001,2.8340001,24,23,22,10,1,1,0,1,1,1,63.93
19,10,35,1,3.4347,3.6500001,24,20,22,9,0,0,0,1,1,1,80.330002
21,8,10,1,2.5964,3.178,14,19,17,8,1,1,1,0,1,1,58.200001
20,23.5,12.5,0,2.2325001,2.8699999,25,17,25,5,0,0,0,0,0,1,54.099998
20,0,15,0,2.2,2.7379999,19,19,21,8,0,0,0,1,1,1,86.07
20,0,12.5,0,2.2916,3.2219999,19,21,21,3,1,0,1,0,0,1,60.66
20,0,15,0,3.0517001,3.256,24,19,23,8,0,1,1,0,1,1,72.949997
20,0,1,0,2.6784999,3.5550001,29,31,30,8,1,1,0,0,0,0,78.690002
20,11,6,1,3.0689001,3.8599999,22,26,25,10,1,1,1,0,1,1,84.43
18,0,20,0,4,4.0120001,32,30,31,9,0,1,1,0,1,1,86.889999
19,10,6,1,3.3076,3.6700001,23,20,20,6,0,1,1,0,1,1,74.589996
20,20,25,0,3.2395,2.908,22,24,20,8,0,1,1,0,0,0,68.849998
19,0,8,1,2.3148,2.944,26,26,26,9,1,1,0,1,0,0,68.849998
20,18,12.5,1,2.9215,3.277,22,22,25,8,1,1,1,0,0,0,84.43
20,25,14,0,2.3367,3.1110001,20,20,20,7,1,0,1,0,0,0,44.259998
20,27.5,6,1,2.2409999,3.0280001,23,23,23,9,1,1,0,0,1,1,63.110001
19,0,12,1,2.7118001,3,16,18,19,9,0,0,0,1,0,1,70.489998
21,0,15,1,2.25,2.8610001,19,20,19,5,1,1,0,1,0,1,82.790001
20,30,10,0,2.5118001,3.4690001,25,19,24,7,0,1,0,0,0,1,65.57
20,0,15,0,2.4533999,3.3050001,26,25,25,9,1,0,0,0,1,1,63.110001
19,17.5,27.5,0,3.1071,3.5710001,23,25,24,5,0,1,0,1,1,1,75.410004
19,0,15,0,3.3436999,3.444,25,24,24,7,0,0,1,0,0,1,74.589996
21,20,16,1,2.6500001,3.1389999,20,23,20,9,1,1,1,0,0,0,67.209999
20,15,12,0,2.5423,3.3410001,29,22,25,8,0,0,0,1,0,0,65.57
20,37.5,14,1,2.7549,3.8499999,28,26,26,7,0,1,1,0,1,1,48.360001
20,0,25,0,2.2586,3.3299999,16,21,18,8,1,1,1,0,0,1,55.740002
20,15,40,1,2.3724999,3.0190001,25,18,23,7,1,1,0,1,0,1,54.099998
19,0,6,0,2.1730001,3.2,24,24,25,9,1,1,0,1,1,1,79.510002
19,0,20,0,2.8571,3.155,19,17,18,5,0,0,0,1,1,1,65.57
20,13,10,0,2.2058001,2.7679999,23,20,23,5,1,1,0,1,0,0,77.050003
19,20,8,0,2.4537001,3.23,24,27,25,8,0,1,0,1,1,0,61.48
20,15,7,0,2.5729001,3.7869999,29,30,30,10,1,1,0,0,1,0,74.589996
20,15,10,0,2.9827001,3.3499999,24,26,24,8,1,1,0,1,0,1,88.519997
20,3,12,1,2.836,2.967,23,23,23,9,0,0,0,1,1,1,68.849998
20,20,8,1,2.7539001,3.076,,,,5,1,1,0,1,1,1,71.309998
21,10,15,0,2.7193,2.9400001,19,21,21,7,1,1,1,0,1,1,62.299999
20,15,10,1,2.7916,3.24,26,27,27,8,1,1,0,1,0,1,79.510002
21,0,2.5,0,2.1303999,3.211,26,27,28,9,1,1,0,1,0,0,69.669998
20,10,7,0,2.8800001,3.474,22,24,22,10,1,1,1,0,1,1,67.209999
20,15,20,0,1.9326,3.4990001,27,30,29,10,1,1,0,0,0,1,64.75
20,0,10,0,3.7579999,3.3610001,20,22,23,7,0,0,1,0,1,1,82.790001
21,15,40,0,2.6057,2.6500001,23,29,25,7,1,1,0,1,1,1,74.589996
20,0,10,0,3.0192001,3.0829999,20,25,24,8,1,1,1,0,1,1,85.25
20,0,6.5,0,2.2282,2.8610001,16,18,18,6,1,0,0,0,1,0,64.75
20,0,20,0,2.4721999,3.3050001,20,19,22,6,0,0,1,0,0,1,64.75
20,0,7.5,0,1.8039,3.2449999,13,18,17,8,0,0,0,1,0,0,65.57
20,0,12.5,0,2.8,3.382,24,29,28,5,1,1,1,0,1,1,73.769997
20,0,10,1,2.4326,3.25,21,23,24,10,1,1,0,1,1,1,86.889999
20,12.5,20,1,1.9802999,3.158,31,33,30,9,1,1,0,0,0,0,78.690002
19,10,10,0,3.1963999,3.8699999,15,19,17,6,0,0,1,0,0,1,59.84
19,15,10,0,3.1666,3,26,26,25,8,0,1,1,0,1,1,86.07
20,10,7,0,1.9594001,3.523,16,17,17,4,1,0,0,1,0,0,79.510002
21,0,15,0,2.9426,3.4360001,22,24,24,7,1,1,0,1,1,0,70.489998
20,10,20,1,3.5088999,3.6389999,19,28,24,8,1,1,1,0,1,1,94.260002
19,0,10,0,3.5645001,3.6329999,25,20,24,6,0,0,1,0,1,1,77.870003
19,0,10,0,3.5178001,3.944,29,24,28,10,0,1,0,1,1,1,77.050003
19,0,25,0,2.6551001,3.2290001,24,20,21,1,0,1,0,1,0,0,77.050003
18,0,12.5,0,3.6428001,3.78,28,23,28,9,0,1,0,1,1,1,89.339996
19,19,20,1,2.931,3.5,22,24,24,9,0,0,1,0,1,1,45.080002
19,8,20,0,2.5517001,3,23,25,26,9,1,1,0,1,0,1,81.150002
19,0,6,1,2.3103001,3.21,21,22,21,9,1,1,1,0,0,1,79.510002
20,7.5,12.5,1,2.3673,2.9430001,17,14,17,4,0,0,0,0,0,0,49.18
20,13,5,1,3.2953999,4.0209999,24,24,24,8,0,1,1,0,0,0,79.510002
20,8,10,0,2.0118001,3.3150001,20,24,22,10,1,1,0,1,1,0,71.309998
20,0,20,0,3.5130999,3.6199999,22,18,21,5,0,0,0,1,0,1,72.129997
20,20,3,1,2.3979001,3.4760001,21,23,24,9,1,1,0,1,0,0,59.84
20,0,25,0,2.4519,2.928,20,20,18,7,1,1,0,1,0,0,54.919998
19,0,15,1,3.8652999,3.786,24,24,24,7,0,1,1,0,0,0,79.510002
19,20,6,0,3.6666,3.707,23,27,26,7,1,1,1,0,1,1,92.620003
20,37.5,35,0,2.3271999,2.9630001,17,18,17,6,0,1,0,1,0,1,42.619999
20,0,23,0,2.6406,2.8800001,19,18,19,8,0,0,1,0,0,0,41.799999
20,0,10,1,2.4823999,2.631,19,17,18,8,0,1,0,1,0,0,61.48
20,10,20,1,3.29,3.0780001,,,,9,1,1,0,1,1,1,85.25
20,0,20,1,2.9482,3.839,25,27,26,9,1,0,0,1,1,1,81.970001
19,20,5,1,2.9375,3.165,23,28,23,6,1,1,1,0,0,0,66.389999
18,10,7.5,1,1.6296,3.1300001,18,19,17,8,0,0,0,1,0,0,36.889999
19,0,15,1,2.75,3.9719999,28,29,26,9,1,1,0,1,0,1,88.519997
20,17,10,1,2.6963999,2.98,,,,9,1,1,0,1,1,1,86.07
19,15,4,1,2.0609,2.8659999,12,17,17,7,1,1,0,1,0,0,37.700001
21,22.5,4,1,2.5731001,2.678,20,23,21,10,1,1,0,1,1,1,69.669998
19,0,20,0,3,3.085,,,,9,0,0,0,1,1,1,61.48
19,0,12,0,1.6458,3.135,24,25,24,9,0,1,0,1,1,1,68.029999
19,15,10,0,2.5625,3.1800001,19,22,19,6,0,0,0,1,0,0,66.389999
19,8,10,0,2.9107001,3.3759999,23,22,23,8,0,1,1,0,0,1,61.48
19,30,6,0,1.8953,2.9449999,30,24,29,9,0,0,0,1,1,1,74.589996
20,27.5,17.5,0,2.4038,3.451,24,31,28,9,1,1,0,1,0,0,59.02
19,30,12.5,1,2.7857001,3.6800001,18,23,21,5,0,0,0,1,0,1,77.050003
19,6,7,0,2.75,2.4000001,29,20,25,5,0,1,0,1,1,1,66.389999
20,30,15,0,2.5253999,3.527,20,25,22,8,0,1,0,0,0,0,80.330002
19,10,16,1,2.4130001,2.9000001,20,19,19,8,0,0,0,1,1,0,71.309998
19,0,16,1,2.075,3.0380001,13,19,16,8,1,1,1,0,1,1,68.849998
19,20,17.5,0,1.7708,3.086,18,19,17,6,0,0,1,0,0,0,22.129999
20,10,10,0,2.1152999,3.6489999,25,29,26,9,1,1,0,1,1,1,68.029999
19,0,8,1,3.1071,3.2720001,19,24,23,10,1,1,1,0,1,1,86.889999
19,0,10,1,2.8275001,3.783,26,23,26,9,1,1,1,0,0,0,78.690002
19,8,10,1,3.1774001,3.4430001,22,22,21,8,0,1,0,1,0,1,80.330002
18,0,12,0,2.74,3.1370001,21,25,25,6,1,1,0,1,1,1,68.029999
19,0,10,0,3.5,3.8399999,26,23,26,8,0,1,0,1,0,1,79.510002
20,14,15,0,2.862,3.3099999,27,23,26,10,1,1,0,1,1,1,72.949997
19,0,20,1,3.2902999,3.131,18,22,20,8,1,1,1,0,0,0,93.440002
20,0,8,0,2.75,2.355,18,16,19,8,1,1,0,0,1,0,72.129997
19,0,25,1,1.9523,3.4000001,15,23,17,7,0,0,1,0,1,0,46.720001
18,8,8,0,2.8571,3.2090001,26,23,25,10,1,1,0,1,1,1,81.150002
19,0,20,0,3.5369999,3.7939999,27,24,22,9,0,0,0,1,1,1,71.309998
19,15,20,1,2.8213999,3.3570001,20,18,19,7,0,0,0,1,0,0,44.259998
19,12.5,4,1,3.3275001,3.6800001,18,24,21,10,1,1,0,1,0,0,84.43
19,0,20,1,2.9642,3.5179999,20,23,20,10,1,1,0,1,1,1,75.410004
19,25,3.5,1,3.3034999,3.306,24,25,25,9,1,0,0,1,1,0,71.309998
18,10,16,0,2.1784999,2.9430001,19,19,21,6,0,1,1,0,1,1,53.279999
18,0,10,1,3.125,3.211,21,23,21,8,0,1,0,1,1,1,68.029999
19,0,30,0,2.75,3.6159999,17,19,17,7,1,1,1,0,1,1,68.849998
19,0,5,0,3.3064001,3.925,25,22,23,8,0,1,1,0,1,0,88.519997
20,0,17.5,0,2.9642,3.4790001,23,25,25,8,1,1,0,1,0,1,72.949997
19,0,16.5,0,2.6935,3.5829999,21,23,19,9,0,1,1,0,1,1,77.050003
19,15,17.5,0,1.8269,3.0880001,18,18,17,7,1,0,0,1,0,0,52.459999
19,0,15,0,3.8970001,3.97,26,21,23,5,0,1,0,1,1,1,90.160004
19,11,15,0,3.1296,3.6199999,19,20,19,4,0,0,0,1,0,1,77.050003
19,12.5,15,0,2.1963999,3.51,25,20,25,4,0,0,0,1,1,1,70.489998
19,11,10,1,3.5311999,3.263,23,25,26,1,0,0,0,1,1,1,68.849998
19,0,6,0,2.6784999,2.8570001,21,27,23,8,0,1,0,1,0,0,71.309998
19,12,5,1,1.1041,3.556,19,22,23,9,1,1,0,0,1,1,58.200001
19,12,12.5,1,2.9166,3.72,24,22,25,7,0,0,0,1,1,1,73.769997
19,10,15,0,3.125,3.6659999,26,23,23,7,1,1,0,1,0,1,86.889999
19,15,6,1,2.2,2.8640001,21,25,23,8,1,1,0,1,1,1,82.790001
19,0,3,0,3.625,3.191,24,20,22,7,1,1,0,1,1,1,80.330002
20,0,10,0,3.3833001,3.355,18,22,20,8,0,1,0,1,1,1,80.330002
19,30,10,0,2.25,2.9360001,21,24,20,9,1,1,0,1,1,1,63.110001
19,20,12,1,2.8571,3.2980001,23,20,21,6,1,1,1,0,1,1,79.510002
19,7.5,7,0,2.9375,3.029,22,20,20,10,0,0,0,1,1,1,39.34
20,15,40,0,3.1296,3.5969999,15,25,20,10,1,1,1,0,0,1,85.25
19,0,13.5,0,3.4827001,3.2690001,26,20,23,5,1,1,0,1,1,1,60.66
20,15,20,0,3.375,3.694,24,24,23,9,1,1,1,0,1,0,72.949997
19,0,20,0,2.96,3.108,25,24,24,10,1,1,0,1,1,1,85.25
19,5,10,1,3.3703001,3.2219999,23,24,23,8,0,1,0,1,0,1,79.510002
19,0,8.5,1,3.1551001,3.2130001,22,25,23,9,1,1,0,1,0,0,76.230003
19,10,20,1,3.1963999,3.5869999,26,27,27,8,0,0,0,1,0,1,81.150002
19,20,30,0,2.2241001,3.4200001,26,20,26,7,1,0,1,0,0,1,68.849998
19,0,2,0,2.3213999,2.911,27,28,29,6,1,1,0,1,1,1,63.110001
19,0,17.5,0,2.6784999,3.017,21,23,22,7,0,1,0,1,1,0,75.410004
19,0,17.5,0,2.7656,3.0150001,24,24,23,9,1,1,0,1,1,1,59.84
19,11,15,0,2.8666,4,27,29,27,10,0,1,0,1,0,1,91.800003
20,16,15,0,2.7083001,2.7379999,23,19,22,6,1,1,0,1,1,1,59.84
19,11.5,10,0,3.5208001,3.4719999,19,27,22,9,1,1,0,1,0,1,82.790001
18,5,5,1,2.3043001,3,22,21,23,6,1,0,1,0,0,1,74.589996
19,20,9,1,2.7172999,3.5739999,26,26,24,10,1,1,1,0,0,0,60.66
19,20,25,1,3.375,3.4860001,19,24,20,6,1,1,1,0,1,1,75.410004
19,18,9,0,2.7665999,2.8889999,20,19,22,8,1,1,0,0,1,0,65.57
19,0,5,0,2.6400001,3.5280001,19,25,21,10,1,1,0,1,1,1,63.110001
19,5,3,0,3.25,2.806,21,20,21,4,0,1,1,0,0,1,81.150002
20,10,30,0,2.3034999,3.2160001,20,19,18,6,0,0,1,0,1,0,70.489998
18,0,12.5,1,2.7307,3.438,23,26,25,10,1,1,0,1,1,0,88.519997
19,0,10,0,2.6127999,3.4460001,22,21,22,8,0,1,0,1,1,1,73.769997
19,0,20,1,2.9354,3.2750001,25,28,25,7,0,1,1,0,1,0,77.870003
19,12,17.5,0,2.2284999,3.75,24,23,24,9,0,1,0,1,1,1,61.48
19,0,10,0,3.1666,3.4630001,23,28,24,8,1,1,1,0,1,1,77.870003
19,0,15,1,2.2727001,3.0280001,17,17,18,5,0,0,1,0,1,1,78.690002
19,22.5,15,0,2.4807,3.04,21,23,20,4,0,1,1,0,1,1,72.949997
19,20,20,0,2.8833001,3.4300001,15,25,22,9,1,1,1,0,0,1,77.050003
19,13,20,0,2.2799001,2.8829999,18,17,19,7,1,1,1,0,0,0,47.540001
19,0,20,1,2.4827001,3.1289999,22,17,23,10,1,1,0,1,0,1,60.66
19,0,9,0,3.5999999,3.529,24,28,24,9,1,0,1,0,0,0,89.339996
19,10,15,0,3.4821,3.589,27,24,25,6,0,0,0,1,0,1,65.57
19,15,10,1,3.2758,4.198,21,27,24,9,0,1,0,1,0,1,86.07
19,0,20,1,3.6607001,3.675,19,22,19,9,1,0,1,0,0,0,82.790001
19,0,9,1,3.4827001,3.319,23,22,24,8,1,0,0,1,1,1,77.870003
19,0,15,1,2.3199999,2.8380001,25,21,24,8,0,1,0,1,1,0,59.84
19,0,27.5,1,3.3392,3.9200001,21,20,21,7,1,1,1,0,1,1,81.970001
19,15,15,1,2.6896,3.5,21,21,22,6,0,0,1,0,1,1,60.66
19,20,20,0,1.8695,3.233,17,19,17,7,0,0,0,0,0,1,34.43
19,4.5,25,1,3.7857001,3.2809999,19,21,21,6,1,0,1,0,0,0,86.889999
19,0,6,0,2.8333001,3.1259999,20,20,20,8,1,1,1,0,1,1,80.330002
19,0,40,1,3.7068999,3.993,25,25,26,9,0,1,1,0,0,1,89.339996
18,0,10,0,2.6127999,3.4860001,22,22,23,8,0,1,1,0,1,1,69.669998
19,10,10,0,3.8652999,3.5369999,21,24,22,6,0,0,1,0,0,0,89.339996
19,10,2,0,2.02,2.8610001,15,20,20,8,1,0,0,1,0,1,61.48
19,0,10,0,2.6127999,3.49,29,20,26,8,0,1,0,1,0,0,78.690002
19,0,12,0,2.7776999,3.171,19,22,20,10,1,0,0,1,0,0,73.769997
19,18,20,0,2.1666,2.7780001,18,19,18,8,0,1,0,1,0,0,34.43
19,5,6,1,2.8392,2.944,22,20,21,8,1,1,1,0,0,0,68.029999
19,0,25,0,3.5160999,3.763,24,31,30,9,1,0,1,0,0,1,94.260002
19,0,12,0,1.9807,3.2409999,26,26,25,9,1,1,0,1,1,1,82.790001
19,18,10,1,2.7776999,3.3670001,23,22,24,8,1,1,0,1,1,1,77.870003
20,0,15,0,2.1817999,3.605,27,28,28,10,1,1,0,1,0,1,66.389999
19,0,25,1,2.4677,3.3099999,23,22,24,8,0,0,0,1,0,0,68.849998
19,12.5,42.5,0,2.3125,3.342,20,22,20,8,0,1,0,1,1,1,69.669998
19,20,12,1,1.9137,2.895,15,19,17,9,1,0,1,0,1,1,63.110001
18,13,24,0,3.9482,3.911,27,26,26,10,0,1,1,0,0,0,93.440002
19,8,15,1,3.4833,3.9530001,18,22,19,9,1,1,1,0,0,0,83.610001
19,12,5.5,0,3.6333001,3.51,27,27,28,10,1,1,1,0,1,1,84.43
18,0,7,0,3.7083001,3.697,27,27,26,10,1,1,0,1,1,1,86.07
19,30,8,0,3.2321,3.6389999,29,25,27,8,0,1,1,0,0,0,86.889999
19,16,0,0,2.8928001,3.138,17,19,18,9,1,1,1,0,1,1,63.93
18,0,14,0,2.5739999,3.0799999,20,20,20,4,0,0,1,0,0,1,50
18,15,12.5,0,2.7586,3.368,22,23,22,10,0,1,0,1,1,1,73.769997
20,0,27.5,0,3.5,3.8800001,22,28,20,8,1,1,1,0,0,1,82.790001
19,17.5,12.5,0,2.25,3.5550001,20,24,24,10,1,1,1,0,1,0,68.849998
19,0,20,0,1.4665999,3.1500001,24,19,22,6,1,0,0,1,1,1,46.720001
19,0,5,0,3,3.277,22,24,23,8,0,0,0,1,1,1,77.050003
19,0,14,1,3,2.8329999,22,25,23,8,1,1,1,0,0,1,77.050003
19,0,10,0,2.625,3.431,20,22,20,7,1,0,0,1,0,1,65.57
19,11,12,0,2.2221999,2.99,23,19,22,8,1,0,0,0,0,0,76.230003
19,27,11,0,3,3.28,24,24,26,8,1,1,0,1,0,0,75.410004
19,15,15,1,2.4000001,2.855,18,25,19,9,0,1,0,1,0,1,63.93
19,8,5,0,2.9400001,3.9630001,34,30,33,10,0,1,0,1,0,1,72.129997
18,12.5,10,0,3.2758,3.5599999,25,23,25,8,0,0,1,0,0,0,75.410004
19,17.5,7,0,2.8518,3.194,23,23,24,10,1,0,0,1,1,1,62.299999
19,0,25,0,3.4628999,3.694,25,23,26,9,0,1,0,1,1,1,77.050003
19,0,25,1,1.3043,3.3150001,20,17,20,4,1,0,0,1,0,0,45.080002
19,10,12,0,3.0862,3.549,26,27,26,7,1,1,0,1,0,1,83.610001
19,0,10,0,3.2096,3.6099999,23,26,23,9,0,1,0,1,0,1,77.050003
19,11,12,1,2.7068999,3.6949999,24,24,24,7,0,1,0,1,0,1,66.389999
18,4.5,17.5,0,3.2221999,3.4579999,27,25,28,9,0,1,0,1,0,1,72.949997
20,10,6,0,2.625,3.46,20,23,24,6,1,1,0,0,0,1,80.330002
18,18,16,1,2.0757,3.7609999,25,30,25,4,0,1,1,0,0,0,94.260002
19,0,10,0,3.0892,3.4159999,29,27,26,9,1,1,0,1,0,1,73.769997
18,20,20,0,3.5666001,3.5420001,29,28,26,7,0,1,1,0,1,1,86.889999
19,16,10,0,1.8076,3.6099999,22,20,21,10,1,1,0,1,0,0,72.949997
19,13.5,7.5,1,2.0178001,3.5380001,19,20,22,5,0,0,0,1,0,0,61.48
19,18,5,0,2.8213999,3.3940001,21,22,25,9,1,1,0,1,1,1,64.75
19,0,15,0,2.5713999,3.4449999,24,20,24,6,0,1,0,1,0,1,58.200001
19,0,37.5,0,3.2419,3.48,23,25,24,6,0,1,0,1,1,1,67.209999
19,0,37.5,0,2.8518,3.1849999,20,18,20,9,0,0,0,1,0,1,65.57
19,0,12,1,2.8103001,3.2360001,18,26,20,9,0,0,0,1,0,1,72.129997
19,20,17,1,3.375,3.98,21,29,24,10,1,1,0,1,1,1,86.07
19,0,20,1,3.5178001,3.7969999,24,20,25,9,1,1,0,1,0,1,86.07
19,8,8,1,2.5,3.4000001,22,20,21,9,0,0,1,0,0,0,57.380001
19,12,15,0,2.3034999,2.97,21,16,20,10,1,0,0,1,1,1,75.410004
20,0,17.5,0,3.2068999,3.3429999,24,22,22,8,1,1,1,0,1,1,86.07
19,20,22.5,0,2.9284999,3.2,,,,10,1,1,0,1,0,0,61.48
19,8,10,0,3.1428001,2.99,20,16,20,8,1,1,0,1,0,1,77.050003
19,0,17.5,0,2.4642,3.0580001,21,23,22,8,0,1,0,1,1,1,75.410004
19,0,24,1,1.931,2.48,21,17,19,7,0,0,0,1,0,1,45.900002
19,14,15,1,2.6551001,3.3789999,27,27,27,10,1,1,0,1,1,1,73.769997
19,10,20,1,3.2419,3.1099999,,,,9,1,1,1,0,1,1,72.129997
19,0,25,0,3.0344,3.369,,,,10,1,1,0,1,1,1,92.620003
19,0,12,1,2.4583001,2.5669999,21,19,21,6,1,1,1,0,1,1,73.769997
19,16,25,0,2.8387001,3.4200001,22,32,27,9,1,1,0,1,0,1,76.230003
19,10,17.5,1,2.1296,3.0999999,25,22,23,8,1,1,0,1,1,1,72.129997
19,0,15,0,3.3148,3.4170001,20,22,21,8,1,0,0,1,1,0,86.889999
19,0,5,1,2.6538,2.848,20,24,22,8,1,1,0,1,1,1,76.230003
19,10,17.5,0,3.5344,3.4389999,22,23,23,8,0,1,1,0,0,0,87.699997
19,0,20,1,3.52,4.0159998,25,29,29,8,1,0,0,1,1,1,85.25
19,17.5,12.5,0,2.5713999,3.9200001,28,30,28,9,0,1,0,1,0,0,69.669998
19,32.5,10,0,3,3.4430001,22,24,20,9,0,1,1,0,1,0,62.299999
19,20,10,1,3.0146999,3.678,27,24,25,9,0,1,0,1,1,1,86.889999
20,11,10,1,2.5713999,3.1919999,20,20,22,4,0,0,0,1,1,1,61.48
19,0,5,0,2.8103001,3.3329999,22,28,27,10,1,0,0,1,0,1,71.309998
19,10,15,0,3.0185001,2.671,22,18,19,9,0,0,0,1,0,1,68.029999
19,0,10,0,2.8958001,2.8889999,18,18,18,4,0,1,0,1,1,1,77.870003
19,15,43,1,3.6910999,3.8699999,24,26,25,10,0,1,1,0,1,0,86.889999
19,0,20,0,2.8499999,3.3050001,22,30,25,10,1,1,0,1,1,0,64.75
19,0,20,0,3.3448,3.4449999,22,20,21,6,0,0,1,0,1,1,85.25
19,11,5,0,3.8461001,3.5599999,28,25,27,10,1,1,1,0,0,0,84.43
19,10,8,0,2.4107001,3.1530001,24,20,22,7,1,1,0,1,0,1,83.610001
19,12.5,5,0,3.1059999,3.2219999,18,21,20,6,0,1,1,0,0,1,74.589996
19,0,12.5,0,2.5534999,3.027,22,24,25,9,0,1,0,1,1,1,72.949997
19,0,12,1,3.2941,3.4890001,22,21,23,8,0,1,0,1,1,0,80.330002
19,17.5,20,0,3.2241001,3.2820001,20,18,22,8,0,1,0,1,0,1,73.769997
19,0,30,0,1.75,2.9030001,24,24,24,7,1,0,0,1,1,1,70.489998
19,20,20,0,2.7321,3.138,20,23,22,8,1,1,0,1,0,0,62.299999
19,12,7,0,2.8499999,3.276,20,20,19,8,1,1,1,0,0,0,78.690002
19,0,10,0,1.8448,3.1170001,19,20,23,6,1,1,0,1,1,1,40.16
19,10,10,0,3.1784999,3.6359999,22,22,23,8,1,1,1,0,0,1,83.610001
19,0,15,0,3.0555,3.51,22,20,22,8,0,1,0,1,1,0,87.699997
19,10,10,0,3,3.605,27,30,27,9,1,1,0,1,0,1,75.410004
19,6,3,1,2.3571,3.0439999,19,27,22,9,1,0,0,1,0,0,61.48
20,20,7.5,0,2.9827001,3.1210001,22,29,26,10,0,1,0,1,1,1,72.949997
19,0,3,0,2.4791,3.01,23,31,28,10,1,1,0,1,0,1,76.230003
18,0,10,0,2.6666,3.0599999,26,22,21,6,1,0,0,1,0,1,59.84
19,0,10,1,2.04,3.3399999,17,17,20,8,0,0,0,1,0,1,60.66
19,0,6,1,2.8571,3.3429999,28,26,27,8,1,1,0,1,1,1,90.160004
19,0,5,0,2.6034,2.9820001,16,21,20,8,1,1,0,1,1,1,67.209999
19,0,28,0,3.8034999,3.927,17,27,23,8,0,1,1,0,0,1,86.889999
18,0,22.5,0,2.25,3.5,22,18,20,8,1,1,1,0,1,1,68.849998
19,29,10,1,1.4074,2.6110001,17,18,16,7,1,0,0,0,0,1,46.720001
19,12,6,0,2.7142,3.1040001,28,24,30,8,1,1,0,1,0,1,63.110001
19,0,5,0,2.4665999,3.2650001,,,,8,1,1,0,1,0,1,49.18
19,13,11,0,3.1875,3.635,25,24,26,9,1,1,0,1,0,1,86.889999
19,0,14,1,2.3666,3.0650001,22,20,21,7,0,1,1,0,0,1,55.740002
19,0,7,0,1.923,2.95,22,21,22,8,1,0,0,1,1,1,71.309998
19,0,10,1,2.25,3.0580001,23,17,21,5,0,0,0,0,1,1,53.279999
19,0,14,1,2.3478,2.9779999,23,19,22,8,1,1,1,0,0,0,75.410004
18,0,15,0,3.6724,3.26,19,20,19,8,0,0,0,1,0,1,72.129997
19,4,7,1,3.1034,3.6670001,21,24,23,9,1,1,0,1,1,1,73.769997
19,10,30,0,3.4463999,3.503,22,20,22,7,0,0,1,0,1,1,60.66
19,0,25,0,3.9284999,3.9719999,24,26,26,9,1,1,1,0,1,0,95.080002
19,0,10,0,2.4814,3.3239999,25,20,22,8,0,0,0,1,0,0,63.93
19,0,27.5,1,2.9189,3.3940001,22,22,25,8,0,1,1,0,1,1,60.66
19,0,20,0,2.0192001,3.171,21,22,23,9,1,1,0,1,0,0,56.560001
19,0,27.5,0,3.5799999,3.256,24,18,23,7,0,0,0,1,1,1,68.849998
19,0,11,0,2.8034999,3.26,20,23,25,8,1,1,0,1,1,1,78.690002
19,0,15,1,2.75,3.727,,,,7,0,1,0,0,1,1,56.560001
19,0,10,1,2.0908999,3.5309999,27,21,23,7,1,0,0,1,1,1,71.309998
19,0,10,0,2.8034999,2.885,20,24,23,9,1,1,1,0,0,1,77.870003
19,32.5,7.5,1,3.2068999,3.6900001,23,23,22,7,0,0,1,0,0,1,77.870003
19,0,3,1,2.9821,3.7149999,23,24,23,5,1,0,0,0,0,1,68.849998
19,0,15,0,2.4463999,3.1400001,28,22,24,5,1,1,1,0,0,0,56.560001
19,5,21,0,3.3652999,3.675,30,21,26,7,0,0,0,1,0,1,76.230003
19,12,12,0,2.1400001,2.885,21,19,21,7,0,0,0,1,1,1,72.129997
19,14,17.5,1,2.875,3.536,20,19,21,5,1,1,0,0,1,0,56.560001
19,12.5,27.5,0,2.6333001,2.9200001,,,,0,0,0,0,1,1,1,85.25
19,7,12.5,0,3.7423999,3.9719999,28,33,31,8,1,1,0,1,1,1,94.260002
19,0,10,0,2.3333001,3.5929999,20,22,21,9,0,1,0,0,1,1,74.589996
19,20,5,0,3.3871,3.1570001,25,25,27,9,0,0,0,1,1,1,72.129997
19,0,7,0,2.8399999,3.194,25,24,22,6,1,1,0,1,1,1,69.669998
19,0,15,0,2.7916,2.914,,,,5,1,0,0,1,0,1,75.410004
19,0,10,0,3.3906,3.3,,,,9,0,1,0,1,0,1,74.589996
19,0,25,1,3.0357001,3.053,20,20,18,7,0,1,1,0,1,1,67.209999
19,27,10,1,1.9464,3.194,24,28,25,10,1,1,0,0,1,0,71.309998
19,0,6.5,1,2.6111,3.23,21,20,21,8,0,1,0,1,0,1,59.02
19,10,15,1,3.7321,3.865,24,26,25,10,0,1,1,0,0,0,83.610001
19,0,4,1,2.9305,3.151,,,,6,0,0,0,0,1,1,78.690002
19,0,12,1,3.2758,2.3800001,20,19,20,6,1,0,0,1,0,0,80.330002
19,0,20,0,2.6666,3.5580001,28,24,25,9,0,1,0,1,1,1,59.02
19,0,10,0,2.3333001,3.286,,,,8,0,0,0,1,1,1,60.66
19,9,15,1,2.0689001,3.47,23,18,22,5,0,0,0,1,0,0,71.309998
19,29,30,1,3.0357001,3.6500001,,,,10,0,1,0,1,0,0,44.259998
19,6.5,9,0,1.8928,2.878,14,22,17,6,1,1,0,1,0,0,61.48
19,0,17.5,1,1.6956,3.1110001,27,26,25,7,1,0,0,1,1,1,72.949997
19,0,10,0,2.75,2.891,21,19,21,9,0,1,0,1,1,1,58.200001
19,15,10,0,2.9166,3.6289999,,,,8,0,0,0,1,1,0,71.309998
19,0,25,0,3.74,3.9419999,,,,10,0,1,1,0,0,1,90.160004
19,0,10,1,3.1666,3.405,25,22,24,8,1,0,0,1,1,1,80.330002
19,7,10,0,2.6600001,3.125,21,23,21,5,1,1,1,0,0,1,75.410004
19,0,15,0,2.6666,2.76,17,26,22,10,1,1,1,0,1,1,67.209999
19,21,20,0,2.9400001,3.428,21,27,22,8,0,1,0,1,0,0,84.43
19,6,18,0,2.6724,2.8640001,27,22,26,5,0,0,0,0,1,0,46.720001
18,35,6,0,2.4827001,2.6570001,20,20,20,6,0,0,1,0,0,0,54.099998
19,0,25,0,1.9516,3.171,23,18,19,6,0,0,0,1,1,1,59.02
19,13,11,1,2.8666,3.638,22,29,24,7,1,1,0,1,1,1,76.230003
19,0,8,0,3.125,3.2,25,22,23,8,1,0,1,0,1,1,72.949997
19,5,6,0,2.4821,2.9449999,17,24,20,9,0,1,1,0,1,1,50.82
18,20,6,0,3.1784999,3.7219999,23,23,26,10,0,1,0,0,0,0,72.129997
19,0,0,1,2.3392,2.8629999,21,18,20,4,1,0,0,1,1,1,70.489998
19,0,2,1,1.9444,2.6359999,19,18,19,5,1,0,0,1,1,0,68.029999
19,0,10,0,1.8965,3.3050001,21,21,20,7,0,0,1,0,0,0,78.690002
20,0,4,0,2.4463999,2.4630001,16,19,17,10,1,1,0,1,1,1,61.48
19,15,6.5,0,3.0739999,3.2090001,27,25,26,8,0,0,0,1,0,0,74.589996
19,0,10,1,2.7413001,2.8499999,,,,8,0,0,1,0,0,1,65.57
18,10,7.5,0,3.1666,3.3889999,20,26,24,9,0,1,0,1,1,0,83.610001
19,20,12.5,0,2.4655001,3.0079999,,,,7,1,1,0,1,0,1,58.200001
18,16,25,1,2.8125,3.3940001,,,,9,0,0,0,1,1,1,71.309998
19,15,12,0,2.375,3.0699999,,,,10,0,1,0,1,1,1,63.110001
19,0,8,0,3.3157001,3.1099999,18,30,20,9,1,0,1,0,1,1,77.870003
19,0,8,1,2.0192001,3,25,18,23,3,0,0,1,0,0,1,47.540001
19,0,10,1,3.4833,4,,,,8,0,0,1,0,0,0,70.489998
19,17,20,1,2.9000001,3.1159999,17,16,18,4,1,0,1,0,0,1,69.669998
19,22.5,25,0,3.625,3.793,22,25,22,9,0,1,1,0,1,1,67.209999
24,30,17.5,1,2.4056001,2.8840001,19,19,19,5,0,1,1,0,0,1,75.779999
20,9,8,1,2.7857001,3.9159999,26,26,24,8,0,1,0,1,0,0,67.190002
20,25,30,0,1.9375,3.312,18,22,20,8,0,1,0,1,0,0,55.470001
22,0,10,1,2.7226,3.4519999,25,26,26,10,0,1,0,0,0,0,87.5
21,6,6,0,2.7553999,3.194,25,29,28,10,1,1,0,0,1,1,82.029999
21,13,30,1,2.3835001,3.263,24,23,22,7,0,1,1,0,0,0,68.75
21,35,20,0,2.0541999,2.9530001,20,17,20,1,1,0,0,0,1,0,57.029999
21,0,8,0,3.0179999,3.3729999,22,23,23,7,1,0,0,1,1,1,72.660004
21,0,20,0,2.4863999,3.7909999,25,27,25,8,1,1,0,1,1,1,82.029999
20,0,17.5,1,2.4484999,3.053,19,22,19,10,1,1,1,0,0,0,79.690002
20,0,10,1,2.9545,3.589,28,31,32,10,1,1,0,0,1,1,75.779999
20,0,10,0,2.5625,3.1099999,15,17,16,7,0,0,0,1,0,1,58.59
20,22.5,12.5,1,2.5583999,3.1400001,17,26,21,6,0,1,1,0,0,0,82.029999
21,0,15,0,2.9602001,3.79,28,22,26,9,1,1,0,1,1,1,70.309998
21,29,7,0,2.4073999,2.6229999,21,22,23,7,0,1,0,1,0,0,58.59
21,32,15,1,1.6896,3.25,,,,8,1,1,0,0,1,1,71.089996
20,30,6,0,3.4920001,3.0739999,22,20,23,5,1,0,1,0,1,1,79.690002
20,6,17.5,0,2.7776999,3.5280001,25,26,23,10,0,1,1,0,0,1,66.410004
21,24,15,1,2.2811999,2.77,24,32,25,10,1,1,0,0,1,1,87.5
20,0,12.5,0,1.8593,3.256,19,17,18,5,0,0,0,1,1,0,60.16
20,15,12.5,1,3.6428001,3.8440001,23,25,26,6,0,1,0,1,1,1,77.339996
21,10,10,0,3.1631999,3.5,24,29,25,10,1,1,0,1,1,1,89.059998
20,0,30,1,2.9224,2.846,23,21,22,7,0,1,0,1,0,1,82.029999
20,25,8,0,2.8362999,3.684,27,25,29,10,0,1,0,1,1,0,78.129997
20,20,5,0,3.6724,3.691,29,28,28,8,0,1,0,0,0,1,93.75
21,12,12.5,0,2.7363,3.4690001,20,22,20,5,0,1,0,1,0,1,58.59
20,0,27.5,1,3.5307,3.6300001,26,23,25,8,0,1,1,0,1,1,86.720001
20,11,11,1,3.0588,3.8610001,24,21,24,9,0,0,0,0,0,0,60.16
19,20,10,0,2.5543001,2.4530001,24,20,24,7,0,0,0,0,1,1,69.529999
20,15,20,1,2.2291,3.076,18,19,20,7,0,0,1,0,1,0,51.560001
20,10,6,0,2.0769,2.7780001,15,21,15,9,1,1,0,1,1,1,44.529999
20,27.5,8,0,2.6726999,2.9649999,18,20,21,4,1,0,0,1,1,0,57.810001
20,0,25,0,3.4744999,3.2349999,23,21,22,7,0,1,1,0,1,0,94.529999
19,0,15,0,2.3364999,3.471,23,22,21,7,0,1,1,0,0,0,59.380001
20,15,25,0,3.5792999,3.161,16,20,18,7,1,0,1,0,1,1,96.089996
20,12,10,0,2.8467,3.1900001,24,22,22,9,1,1,0,0,0,1,76.559998
20,13,30,0,3.0636001,2.9719999,23,29,23,10,0,1,0,0,0,0,86.720001
20,0,20,0,3.5555,3.8369999,24,25,23,10,1,1,1,0,1,1,93.75
20,0,5,0,2.1733999,2.8800001,26,31,29,10,1,1,0,1,1,0,92.190002
20,0,11,0,2.8043001,3.53,20,25,24,10,1,1,0,1,0,0,75
20,12,15,0,3.75,3.6900001,29,30,28,8,1,1,0,1,1,1,94.529999
20,0,20,0,2.8965001,3.358,24,25,24,9,1,0,0,1,0,0,93.75
20,10,5,0,3.3771,3.1329999,24,23,23,6,1,1,0,1,0,1,89.059998
20,35,5,1,3.2244,3.7780001,30,31,32,10,1,1,0,1,0,0,81.25
20,25,15,1,2.8474,3.6059999,31,25,31,8,0,1,0,1,0,0,53.91
20,16,5,0,2.4073999,3.05,26,19,23,8,0,0,0,1,1,0,78.910004
20,30,5,0,3.2916,3.2360001,20,24,22,10,0,0,0,0,0,0,59.380001
19,0,20,0,2.625,3.3099999,24,30,25,10,1,1,0,1,0,0,61.720001
19,8,20,1,2.25,3.27,27,17,23,6,0,0,1,0,0,0,53.91
19,15,20,0,2.9583001,2.6700001,23,30,26,10,1,1,0,1,1,1,85.160004
18,0,2.3,1,2.75,3.3929999,22,21,21,9,1,1,0,0,1,0,58.59
20,22.5,10,0,3.2409999,3.8540001,20,23,23,8,1,1,0,1,1,0,87.5
21,15,7,0,2.0510001,3.1700001,24,20,20,9,1,1,1,0,1,0,57.810001
20,17,15,1,3.2539001,3.9619999,20,27,22,9,1,1,1,0,0,0,92.190002
20,0,7,1,2.8508,3.9170001,22,20,21,7,1,1,0,1,1,1,89.839996
20,13.5,12.5,0,2.3333001,3.2639999,23,24,23,8,1,1,0,0,0,1,86.720001
19,0,16,0,3.3392,3.2690001,24,17,24,8,0,0,1,0,1,1,85.940002
19,0,21,1,3.4628999,3.757,19,21,21,10,0,1,0,1,1,1,71.879997
19,0,2,0,3.8448,3.714,31,28,31,10,1,0,0,1,1,1,94.529999
21,0,20,0,3.1851001,3.2809999,15,16,16,10,1,1,1,0,1,1,58.59
19,0,8.5,0,2.9284999,3.51,28,25,29,7,1,0,0,0,1,1,74.220001
18,10,10,0,2.9284999,3.2780001,23,24,21,9,0,1,0,1,1,1,50
20,16,28,1,1.9512,3.1400001,14,18,17,7,0,0,0,1,0,1,50
20,17,4,1,1.8278,3.277,21,20,21,7,1,0,0,1,1,1,48.439999
21,0,12,0,1.9607,2.51,15,16,18,5,1,1,0,1,1,1,47.66
20,15,6,1,3.0253999,3.556,22,21,22,6,0,1,1,0,0,1,85.940002
20,0,10,1,2.6289999,3.372,20,21,21,6,0,0,0,1,0,0,52.34
19,0,11,0,3.3392,3.5599999,24,25,25,8,1,0,0,0,1,1,79.690002
20,8,18,0,2.5743999,2.767,23,24,24,9,1,1,0,1,1,1,78.910004
18,37.5,8.5,0,3.3871,3.7,28,24,27,8,0,0,0,1,0,0,83.589996
20,16,12,1,2.8125,3.151,24,22,23,7,0,0,0,1,1,1,75
19,0,15,0,3.1034,3.6110001,27,25,26,8,0,1,0,1,1,1,84.379997
19,12,20,0,3.1206,3.6670001,22,19,23,8,0,1,1,0,0,0,93.75
19,13,25,0,3.3928001,3.5,22,26,23,9,0,1,1,0,1,1,80.470001
19,0,20,1,3.5,3.8099999,25,28,25,9,0,1,1,0,0,0,82.029999
20,0,10,0,2.0776999,3.1800001,18,17,17,6,1,0,0,1,1,0,43.75
18,0,10,0,2.46,3.3,28,24,25,7,0,1,0,1,0,0,88.279999
19,20,25,1,2.0713999,3.1659999,19,19,22,7,0,1,1,0,1,0,53.91
19,11,10,1,2.5453999,3.2850001,26,22,23,8,0,1,0,1,0,0,78.129997
19,0,4,1,2.6724,3,26,20,24,8,1,1,0,0,1,1,69.529999
19,10,10,1,2.95,3.447,24,19,21,6,1,0,0,1,1,1,77.339996
19,30,17.5,1,2.6166,3.21,21,27,26,8,1,1,0,1,0,0,82.029999
19,11,12.5,1,2.7857001,3.6800001,23,19,21,6,0,1,0,1,0,0,66.410004
19,12.5,5,0,2.3636,3.256,29,26,31,10,1,0,0,0,1,1,48.439999
19,0,15,0,2.5534999,3.2079999,22,20,21,9,1,1,1,0,0,0,77.339996
19,0,8,0,2.7413001,3.0799999,30,25,29,7,1,1,0,1,1,1,67.970001
19,5,16,1,2.9655001,3.214,,,,9,1,1,0,1,1,1,87.5
19,0,10,0,3.5599999,3.302,24,24,22,9,1,0,1,0,0,0,83.589996
19,35,12,0,2.9463999,4,23,28,22,10,0,1,0,1,0,0,89.839996
20,17.5,12.5,0,2.5357001,2.816,24,22,21,8,0,0,0,1,1,1,47.66
19,0,6,0,3.8213999,3.99,27,28,29,10,0,0,0,1,1,1,86.720001
19,0,16.5,0,2.7142,2.97,24,23,24,7,1,1,0,1,1,1,68.75
19,0,14,1,3.7419,3.575,29,25,30,8,0,0,0,1,0,1,57.029999
19,0,22.5,0,3.0892,2.8900001,23,17,20,8,0,0,0,1,0,1,78.129997
19,0,10,0,3.5,3.6760001,27,25,26,7,0,0,0,0,1,1,89.059998
19,6.5,9,1,2.7656,3.2620001,20,24,22,7,0,1,0,1,1,1,64.839996
19,0,20,0,3.4284999,3.1700001,,,,8,1,1,1,0,0,1,67.970001
19,0,12.5,1,3.2776999,3.4119999,,,,10,1,1,0,0,1,1,83.589996
19,0,20,1,3.4482,3.138,26,19,23,8,1,1,1,0,1,1,69.529999
19,16,18,0,3.7678001,3.9400001,28,22,27,8,0,1,1,0,1,0,88.279999
19,15,10,1,2.3652999,3.3099999,19,21,20,7,0,0,0,1,0,0,45.310001
19,10,10,0,3.1896,3.9660001,31,23,26,8,0,0,0,1,1,0,65.629997
19,0,15,1,3.6538,3.1470001,24,19,24,9,1,1,1,0,0,0,93.75
20,0,5,1,3,3.6589999,22,24,24,6,1,1,0,1,0,1,79.690002
19,8,10,0,2.9137001,3.0569999,23,22,22,9,1,1,1,0,0,1,82.809998
20,0,7,1,2.6730001,3.161,16,23,21,6,1,0,0,1,0,1,63.279999
19,33,12,0,2.9333,3.425,20,23,21,8,0,1,0,1,1,1,70.309998
20,10,5,1,3.9284999,4.0599999,28,23,25,10,0,1,0,0,0,0,75.779999
18,0,10,0,3.54,3.444,17,23,21,6,0,1,0,1,0,0,92.190002
19,18,15,0,2.3928001,3.5610001,19,20,21,4,1,1,0,0,1,1,71.879997
19,12.5,4.5,1,3.4000001,3.7939999,20,24,23,8,0,1,0,1,1,1,83.589996
19,20,7,1,1.7407,3.5899999,25,20,25,9,1,1,0,0,1,0,54.689999
19,17.5,17.5,0,2.3213999,3.3050001,21,26,24,6,0,1,0,0,0,1,87.5
19,12,5,0,2.875,3.7739999,31,28,29,10,1,0,0,0,1,0,82.029999
20,10,20,1,2.2692001,3.1600001,22,21,21,6,1,1,0,0,0,0,64.839996
19,0,18,0,3.0227001,3.5139999,30,19,24,6,0,0,0,1,1,1,82.029999
19,0,14,0,3,2.4289999,21,19,20,6,1,1,0,1,0,1,75.779999
19,0,30,1,3.4642,3.5,20,27,22,9,1,1,1,0,1,1,74.220001
18,13,16.5,0,2.9821,3.7869999,23,20,23,9,0,1,1,0,0,1,83.589996
19,12,6,0,3.8103001,3.8239999,23,26,25,9,0,0,0,1,1,1,87.5
19,17.5,11,0,2.3518,3.3329999,26,19,23,6,0,1,0,1,1,1,78.129997
18,0,15,0,2.75,3.3110001,25,24,24,7,0,1,0,1,0,1,61.720001
19,0,20,1,3.6875,3.908,28,27,28,7,1,1,1,0,0,1,87.5
19,0,18,1,3.7678001,3.3900001,22,22,22,7,1,0,1,0,0,1,89.059998
19,0,1,0,2.8571,3.6489999,29,30,29,9,1,0,0,0,1,1,81.25
19,0,8,1,3.431,3.2920001,23,26,26,9,1,1,1,0,0,1,79.690002
19,10,35,0,3.4655001,3.8299999,25,21,23,9,0,0,1,0,1,1,87.5
19,20,10,0,2.6428001,2.9170001,20,22,22,8,0,0,0,1,0,0,67.190002
19,22.5,35,0,3.7618999,3.1719999,24,27,25,9,1,0,1,0,0,0,89.839996
19,0,0,1,3.3845999,3.5710001,22,26,24,9,1,1,1,0,1,0,88.279999
19,0,10,0,2.5,3.1889999,21,25,22,8,0,0,1,0,0,0,64.839996
19,0,10,0,2.8703001,3.372,24,27,27,9,1,1,0,1,0,0,72.660004
19,0,15,0,3.5,3.6700001,26,30,28,10,1,1,0,1,1,1,86.720001
18,10,6,1,2.2931001,3,17,18,18,4,0,0,0,1,0,0,45.310001
19,15,7.5,1,2.9073999,3.5,16,29,22,8,1,1,1,0,1,0,83.589996
19,18,8,1,2.2825999,2.6530001,19,20,21,8,1,0,0,1,1,0,55.470001
19,10,6,0,2.6071,3.247,23,23,24,5,0,0,1,0,1,1,53.130001
20,36,12,1,3.6289999,3.8499999,21,19,22,7,0,1,1,0,0,0,75
19,0,21,0,2.7857001,3.5350001,20,20,22,9,0,1,0,1,0,0,77.339996
19,0,14,0,2.6480999,2.875,26,23,26,4,0,0,0,1,1,1,72.660004
19,0,20,1,2.6784999,3.29,20,22,20,9,1,1,1,0,0,1,78.910004
19,0,27.5,0,2.9827001,3.635,26,24,27,8,0,0,0,1,1,1,75
19,0,15,0,3.4827001,3.4260001,23,29,28,8,1,1,1,0,1,1,94.529999
19,4,9,0,3.0739999,3.5,30,29,31,7,1,1,0,0,1,1,60.16
19,0,30,0,2.4782,3.3699999,19,18,19,6,0,0,0,1,1,1,58.59
19,0,20,0,2.4814,3.4100001,19,22,20,7,0,0,0,1,1,0,60.939999
19,0,3,1,3.4821,3.75,24,27,26,9,1,1,0,0,1,1,89.839996
18,3,40,0,2.625,3.3610001,26,26,25,4,0,1,0,0,1,0,87.5
18,0,12.5,0,1.6538,3.3740001,25,25,24,9,1,1,0,0,1,0,61.720001
19,0,5,0,2.4259,2.9100001,25,28,28,9,1,1,0,0,0,1,58.59
19,0,2,1,2.1127999,2.75,25,27,26,10,1,1,0,1,1,1,66.410004
19,0,27.5,0,3.3833001,3.527,27,23,25,9,0,0,1,0,1,1,71.089996
19,11,12.5,0,1.9074,3.2820001,21,26,24,7,1,0,0,0,1,1,35.939999
19,0,13.5,0,2.6875,3.5999999,24,28,29,10,0,1,0,1,0,1,89.059998
19,15,10,0,2.8166001,2.931,17,20,18,6,0,0,0,1,0,0,63.279999
19,0,10,1,3.6071,3.694,26,25,28,9,1,1,0,1,0,1,75
19,14,5,0,2.4107001,2.927,25,29,25,7,1,1,0,1,0,1,85.160004
19,15,15,0,3.1607001,3.2309999,18,23,20,8,1,0,0,1,0,0,78.129997
19,11,8,0,3.5294001,3.5799999,20,17,18,7,0,1,1,0,0,0,82.029999
19,11,5,1,3.48,3.5680001,26,23,25,8,1,1,0,1,1,1,86.720001
19,17.5,15,1,3.3213999,3.1800001,19,25,21,7,0,1,0,1,0,0,75.779999
19,15,12,0,3.5,3.5829999,26,30,27,10,0,1,0,1,1,0,80.470001
19,0,14.5,0,2.3034999,3.77,24,25,23,8,0,1,0,0,1,0,80.470001
19,0,12.5,1,3.3652999,3.875,25,29,27,10,0,1,1,0,0,1,78.129997
19,17,20,1,3.5666001,3.569,18,22,18,10,0,1,1,0,1,0,84.379997
19,10,13,0,2.7037001,3.444,15,19,17,7,1,1,1,0,0,0,86.720001
20,0,15,0,3.3034999,3.0940001,26,28,25,10,0,0,0,1,1,1,77.339996
19,20,8.5,0,2.5178001,3.066,23,25,23,9,0,0,1,0,1,1,69.529999
19,0,6,0,2.7678001,2.9159999,20,22,25,2,1,0,0,1,1,1,77.339996
19,0,10,0,2.6127999,3.487,24,24,26,10,1,1,0,1,0,0,68.75
19,0,8,1,2.2321,3.1029999,23,27,25,7,1,1,0,1,1,1,61.720001
19,17.5,12.5,0,2.7741001,3.28,21,26,23,8,1,0,0,1,1,0,71.089996
19,15,20,1,2.6071,3.7379999,23,25,25,10,0,1,0,0,0,1,78.129997
19,0,15,1,2.9444001,3.572,26,26,28,9,1,1,0,1,1,1,81.25
19,15,15,1,3.7272,3.52,18,19,19,9,0,0,1,0,1,1,72.660004
19,0,25,0,3.6963999,3.6900001,27,27,25,10,0,1,1,0,1,1,95.309998
19,20,1,1,2.8518,2.9200001,18,24,19,9,0,1,0,1,1,1,53.130001
19,0,15,0,2.9821,2.53,14,16,15,5,1,1,0,0,1,0,80.470001
18,0,15,0,3.0416,3.0550001,22,20,21,6,1,0,0,1,1,0,81.25
20,0,30,0,2.9333,3.582,19,21,20,9,1,1,0,1,0,0,78.129997
19,14,7,0,2.4807,2.6040001,20,23,20,9,1,1,0,1,0,0,65.629997
18,0,7,0,3.5216999,2.8570001,20,24,23,7,1,0,0,1,0,0,81.25
19,0,12.5,1,3.4821,3.711,28,26,27,8,1,1,1,0,1,1,72.660004
19,10,19,0,2.9428,3.24,17,24,20,6,0,1,0,1,1,1,74.220001
18,12,12,1,1.6363,3.26,13,16,15,7,0,0,0,1,0,0,49.220001
19,27,13.5,0,3.0178001,3.5650001,24,26,26,9,0,1,0,1,0,1,78.910004
18,15,35,1,2.3571,2.73,21,22,21,9,0,0,1,0,1,1,50
19,22.5,12.5,0,2.5,3.628,20,20,21,5,0,0,0,1,0,1,63.279999
19,0,17.5,0,2.4791,2.9719999,23,20,20,10,0,1,1,0,0,0,63.279999
19,0,25,1,2.5369999,4.2600002,23,21,24,10,0,1,0,1,1,1,65.629997
19,0,25,1,1.7692,3.2679999,20,19,20,7,1,0,1,0,1,1,74.220001
19,0,15,1,3.1963999,3.223,25,20,22,8,1,1,0,1,1,1,89.059998
19,6.5,6,1,2.9827001,3.3610001,20,27,24,6,1,1,0,1,0,0,82.029999
19,0,10,0,1.8035001,3.777,22,26,24,9,0,1,1,0,0,0,63.279999
19,0,12.5,0,3.3845999,3.7,26,25,26,7,0,0,0,1,1,1,56.25
18,18,12,1,2.3234999,3.0699999,21,17,19,5,1,0,0,1,1,0,44.529999
20,25,2.5,1,3.0689001,3.493,30,26,29,7,1,0,0,0,1,1,82.029999
19,22.5,40,1,2.0453999,3,16,15,15,6,0,0,0,1,0,0,22.66
18,14,20,0,2.7068999,3.7,29,26,28,10,0,1,0,0,1,1,72.660004
24,30,25,0,2.0769,3.056,21,18,19,6,0,0,0,1,1,1,20.309999
18,5,14,1,3.4463999,3.5,21,19,23,9,0,1,1,0,0,0,95.309998
22,30,15,0,3.2688,3.6800001,22,28,26,9,1,1,0,1,0,0,87.5
22,0,8,0,2.5186,3.441,21,22,20,9,1,1,0,0,0,0,58.59
20,0,12.5,0,2.9782,2.99,19,25,23,10,0,1,1,0,0,0,83.589996
20,16,7.5,0,2.3642001,3.1700001,23,21,24,10,1,1,0,0,1,0,82.029999
21,0,40,1,2.3081999,3.0380001,24,21,24,9,0,0,1,0,0,1,53.91
21,12,6,1,3.0738001,3.5710001,24,22,23,8,0,1,0,1,1,1,75.779999
21,0,5,0,2.8132999,2.8610001,25,28,28,10,1,1,1,0,1,1,81.25
21,15,10,0,3.0645001,2.7260001,28,21,27,8,0,1,0,1,0,0,83.589996
21,25,4,0,2.7925999,3.277,29,25,28,9,0,1,0,0,0,1,72.660004
20,0,6,0,2.6303999,3.194,23,21,22,9,1,1,0,0,0,0,80.470001
21,0,10,0,2.3546,3.1600001,24,19,24,6,1,0,0,1,0,1,65.629997
21,20,20,0,2.3887999,3.1099999,28,26,27,9,1,1,0,1,0,0,63.279999
20,8,25,1,3.9649,3.9300001,29,28,29,8,0,0,0,1,0,0,89.839996
19,0,6.5,0,3.25,3.48,22,26,24,9,0,1,0,1,1,1,95.309998
19,0,8,0,2.7258,3.5639999,28,29,26,9,0,1,0,1,1,1,71.879997
19,15,20,0,2.8,3.74,16,20,18,8,0,0,1,0,1,1,57.810001
22,14,8,1,3.375,3.6719999,22,20,23,8,1,0,0,1,1,1,73.440002
21,0,21,0,1.7093,3.3970001,,,,9,0,1,1,0,1,1,78.129997
20,15,10,1,1.8703001,3.25,21,25,22,9,0,0,0,1,1,1,75
19,15,10,0,2,3.2969999,,,,6,0,1,0,1,1,1,19.530001
20,12,6.5,1,2.8333001,3.75,26,29,26,8,1,1,0,1,1,1,72.660004
20,8,6,1,3.2967999,3.744,22,22,22,9,0,0,1,0,0,0,86.720001
19,0,21,0,3.6784999,3.661,23,27,25,5,0,1,0,1,0,0,80.470001
19,12,15,1,2.1333001,2.9749999,21,22,19,9,0,0,0,0,0,0,37.5
20,20,25,1,2.7741001,3,21,17,21,8,1,0,0,1,1,1,71.879997
20,4,6,0,3.0446,3.7679999,20,22,22,7,0,0,0,1,1,1,78.129997
20,0,10,0,2.2692001,2.9660001,21,20,21,7,0,0,0,0,0,1,61.720001
20,13,10,0,3.483,3.6300001,30,29,30,9,0,1,0,1,1,0,84.379997
20,8,6,1,3.4435,3.908,30,31,31,10,0,1,0,1,1,0,85.940002
19,15,7,0,2.6451001,3.566,30,27,29,9,0,1,0,1,0,1,78.910004
19,25,10,0,3.3822999,3.8940001,31,29,30,10,0,1,0,1,0,1,64.839996
20,30,5,1,2.5267,3.358,18,26,20,10,1,1,1,0,0,0,70.309998
20,25,15,1,2.6949,3.8,27,27,29,9,0,0,0,1,0,0,71.879997
20,0,15,0,2.3557,3.527,22,28,24,9,0,1,0,1,1,1,82.809998
20,12.5,7.5,1,3.2945001,3.8239999,31,23,26,10,0,1,0,1,1,1,78.910004
20,20,12,0,2.25,2.8099999,25,20,24,8,0,1,0,1,0,0,57.810001
20,13.5,12,1,2.8684001,3.23,27,23,25,7,0,1,0,1,0,1,82.029999
20,21,20,0,3.0086,2.796,21,18,21,8,0,0,0,1,0,1,68.75
19,0,7,0,2.4042001,2.9590001,26,25,24,9,0,1,0,0,1,1,75.779999
20,15,10,0,1.9313,3.1240001,27,27,24,10,1,1,0,0,0,0,61.720001
20,0,25,0,2.7946,3.3699999,18,22,20,10,0,1,1,0,0,1,74.220001
20,20,16,1,2.3617001,3.306,24,14,20,4,1,0,0,1,1,1,71.089996
20,0,15,0,2.4672999,3.194,23,23,22,7,0,0,0,1,1,1,54.689999
20,25,10,0,2.6345999,3.5810001,27,17,25,7,0,0,0,1,0,1,66.410004
20,0,6,0,2.2755001,3.1029999,25,21,23,8,1,1,0,0,1,1,60.939999
19,10,20,0,2.5983,3.3529999,20,19,21,10,0,1,0,1,0,0,90.629997
19,0,20,1,3.0227001,3.4100001,20,17,20,8,1,0,1,0,0,0,50.779999
20,10,20,0,2.4523001,2.98,17,17,16,5,0,1,0,1,0,0,60.16
19,0,28,1,2.75,3.7360001,24,26,22,7,1,1,1,0,0,1,77.339996
20,12.5,12.5,0,3.8069999,4,24,24,27,8,0,1,0,1,1,1,87.5
20,17,10,0,2.7241001,3.3139999,26,21,22,7,0,0,0,1,0,1,60.939999
20,12,7,0,2.3775001,3.47,24,28,24,7,1,1,0,1,0,0,57.810001
20,20,7.5,1,3.1310999,3.3529999,26,21,24,6,0,0,0,1,1,1,75
20,12,10,0,2.5999999,3.6329999,18,18,18,9,0,1,1,0,0,0,62.5
19,15,10,0,2.3728001,3.1889999,27,24,28,7,0,0,0,1,1,1,82.029999
21,0,15,0,2.7363,3.497,20,21,19,8,1,1,0,1,1,1,75
20,0,5.5,1,2.7672,3.0550001,22,27,24,9,1,1,1,0,1,0,73.440002
20,11,20,0,1.7903,3.0829999,17,19,18,8,1,1,0,1,1,1,82.029999
20,11,14,1,3.1345999,4.1939998,,,,10,1,1,0,1,0,1,89.839996
20,14,15,0,2.4716001,3.0810001,19,29,23,10,1,1,0,1,1,1,67.190002
20,12,15,0,3.2966001,3.4070001,18,26,20,9,1,1,0,1,1,1,73.440002
19,0,10,0,3.3152001,3.2219999,25,27,27,9,1,1,0,0,1,1,82.809998
20,0,22.5,0,3.1886001,3.2850001,23,24,21,9,0,1,1,0,1,1,82.809998
20,0,10,0,1.8076,2.609,,,,7,1,1,0,0,1,1,66.410004
20,20,12,0,2.2692001,3.625,23,27,24,9,1,1,1,0,0,0,71.879997
19,0,40,0,3.4333,3.0309999,16,26,20,9,0,1,1,0,0,0,85.940002
20,15,10,0,3.0915999,3.6300001,25,24,24,8,0,1,0,1,1,1,83.589996
20,0,6,0,3.1127999,3.428,19,21,21,8,0,1,0,1,1,0,90.629997
19,12.5,25,0,2.8269,3.457,18,19,21,6,0,0,0,1,1,1,87.5
19,0,15,1,3.2121,3.29,24,25,22,9,0,1,0,1,1,0,83.589996
19,35,5,1,2.6666,3.556,34,25,29,10,0,1,0,0,1,0,71.879997
20,9,17.5,0,2.4200001,3.3329999,16,15,17,5,1,0,0,1,0,1,67.190002
19,11,4,0,3.1379001,3.0829999,26,25,25,9,1,0,0,0,1,1,70.309998
20,12,35,0,2.9807,3.6199999,,,,9,1,0,0,1,0,0,78.910004
19,0,10,0,2.9628999,3,20,28,24,9,1,1,1,0,0,1,81.25
19,0,14,1,3.0713999,3.0699999,,,,8,0,1,0,1,0,1,73.440002
19,20,15,0,2.5185001,2.9809999,20,22,22,7,0,1,0,1,0,1,74.220001
19,7,14,0,3.1379001,3.5669999,27,25,27,9,0,1,0,1,0,0,54.689999
19,10,10,0,2.3399999,3.6960001,21,26,25,9,1,1,0,0,0,0,50.779999
19,13,9,1,1.875,3.3,20,18,20,6,0,1,0,1,0,0,65.629997
19,20,20,1,2.4444001,3.3599999,21,20,20,9,1,0,0,1,1,1,52.34
20,0,10,0,2.5816,2.957,,,,9,1,1,1,0,0,1,78.129997
19,0,11,0,2.9642,3.1110001,22,20,22,8,0,0,0,1,1,1,73.440002
19,16,25,0,2.9284999,3.0999999,22,20,23,6,0,0,0,1,1,1,65.629997
18,11,15,1,2.52,2.8800001,21,22,22,8,1,1,0,1,1,1,82.809998
19,10,17.5,0,2.6206,3.5450001,33,26,29,9,0,1,0,1,1,0,82.809998
19,0,20,1,3.0666001,3.7869999,27,28,27,9,0,1,0,1,1,1,85.940002
19,4.5,5,0,3.2857001,3.816,29,29,28,10,0,1,0,1,1,1,92.190002
19,0,12,1,1.9629,2.471,22,23,20,8,1,1,0,1,1,1,67.190002
19,15,5,1,2.6607001,3.5799999,18,24,20,8,1,1,0,1,0,1,54.689999
18,10,12,0,3.1034,3.325,25,25,27,7,0,1,0,0,1,1,71.879997
19,0,10,0,3.862,3.8299999,22,29,26,10,1,1,0,1,0,0,95.309998
19,0,17.5,1,3.5369999,3.9159999,24,34,26,10,0,1,0,1,1,1,83.589996
19,0,3,0,3.5185001,3.444,25,26,26,9,1,1,0,0,0,1,92.190002
19,0,2,0,2.5383999,3.2279999,22,25,27,8,1,1,0,0,1,1,72.660004
19,0,5,0,1.5178,2.777,21,27,23,10,1,1,1,0,0,0,35.16
19,12,20,0,3.431,3.628,24,26,23,9,1,1,1,0,0,1,89.059998
19,0,15,0,2.4848001,2.75,20,26,21,8,0,1,1,0,1,1,67.190002
19,6,15,1,2.4642,3.3410001,24,25,23,9,0,1,0,1,0,1,77.339996
19,0,16.5,1,3.6379001,3.9809999,26,27,26,9,1,0,1,0,1,1,92.970001
19,0,8,1,2.9259,3.28,23,22,22,8,1,1,0,1,1,1,87.5
19,15,14,0,3.1833,3.4070001,21,25,23,9,1,1,1,0,0,1,81.25
19,0,7.5,0,3.1800001,3.526,17,23,21,9,1,1,0,1,1,1,52.34
19,14,14,0,3.0892,3.1760001,19,19,19,7,0,0,1,0,0,0,65.629997
19,11.5,15,1,2.2307,3.346,16,17,17,7,0,0,0,1,0,1,32.029999
19,0,11,1,3.4137001,3.625,23,21,22,7,0,1,0,1,1,1,84.379997
19,12,30,0,3.8103001,4.0949998,24,25,26,9,0,1,1,0,1,1,94.529999
19,8,20,0,3.1935,3.914,22,25,25,9,0,1,0,1,1,1,70.309998
19,0,48,0,3.7,3.3629999,22,26,22,9,1,0,1,0,0,1,91.410004
20,0,8,0,2.5302999,3.194,26,28,28,6,0,0,0,1,1,1,61.720001
19,0,20,0,3.4482,3.6110001,27,25,27,9,1,1,1,0,1,1,89.839996
19,15,35,0,2.1199999,3.6860001,26,23,25,8,0,0,0,1,0,0,78.129997
19,0,10,0,2.1666,2.6400001,16,21,20,9,0,0,0,1,0,1,70.309998
19,0,20,0,3.3213999,3.777,23,25,23,10,1,1,1,0,0,1,80.470001
19,0,2,1,3.6379001,3.688,26,26,30,10,1,1,1,0,1,1,87.5
18,0,7.5,0,2.3213999,3.0250001,22,19,22,1,1,0,0,1,0,0,61.720001
19,0,25,0,2.3965001,3.0810001,23,21,24,7,1,1,1,0,1,1,55.470001
19,5,15,0,3.7419,3.517,23,27,25,10,0,1,0,1,0,1,92.970001
19,0,9,0,3.2962999,3.6570001,24,20,22,8,0,1,0,1,0,1,85.940002
19,10,10,1,2.4400001,3.6470001,20,20,21,4,0,0,0,1,0,0,50
19,10,15,0,2.9400001,2.5480001,16,18,17,8,1,1,0,1,0,0,56.25
19,6,7,1,3.0999999,3.73,26,25,26,8,0,1,0,1,1,1,68.75
29,22.5,14,0,2.9166,3.2,22,22,22,8,0,1,0,1,1,0,87.5
19,0,20,0,3.8461001,3.46,28,29,28,10,1,1,0,1,0,0,66.410004
19,0,17.5,0,3.2321,3.5409999,23,24,24,6,0,1,0,1,0,1,74.220001
19,10,25,1,3.5689001,3.8599999,24,29,26,8,0,1,0,1,1,1,92.970001
19,17.5,12.5,1,2.9230001,3.23,23,23,25,7,1,0,0,1,1,1,89.059998
19,0,15,1,2.9463999,3.74,18,24,22,4,1,0,1,0,1,0,88.279999
18,10,25,0,2.5689001,2.95,22,25,24,10,0,0,1,0,1,0,77.339996
19,0,10,0,3.25,3.7780001,23,22,23,10,0,1,0,1,1,0,77.339996
19,15,10,1,2.7758,3.767,29,32,31,10,1,1,0,1,1,1,66.410004
19,0,5,0,3.0192001,3.648,29,29,30,9,0,1,1,0,1,1,77.339996
18,0,10,0,2,3.3050001,19,25,21,10,1,1,0,1,1,1,86.720001
19,8,20,0,3,3.257,19,19,19,6,0,1,1,0,0,0,77.339996
19,10,30,0,3.3887999,3.5999999,23,20,21,8,0,0,0,1,0,1,85.160004
19,0,12,1,3.3181,4,26,29,27,10,1,1,0,1,0,1,70.309998
19,12.5,11,0,3.2419,3.806,23,23,24,10,0,1,0,1,1,0,78.910004
19,0,11,0,3.7678001,3.9189999,24,29,29,9,1,1,0,1,0,0,95.309998
20,10,4,1,2.6379001,3.4300001,24,25,24,9,1,0,0,0,1,1,75.779999
20,7.5,5,0,3.3518,3.8399999,30,24,28,8,1,1,0,1,1,1,74.220001
19,0,10,1,3.0160999,3.526,26,30,26,10,0,1,0,1,1,1,77.339996
19,0,25,0,3.5892,3.8280001,21,28,24,8,0,1,0,1,0,1,94.529999
19,0,20,0,1.913,3.066,26,19,21,8,0,0,0,0,1,1,90.629997
20,15,3,0,2.2037001,3.0580001,30,24,28,8,1,0,0,0,1,1,53.130001
20,0,10,1,3.3871,3.4170001,29,27,28,9,1,0,0,1,1,0,92.190002
19,0,15,0,3.7142,4,23,27,25,9,1,1,1,0,1,1,92.970001
19,0,12,0,3.1092999,3.1889999,20,22,20,9,1,1,0,1,0,1,82.809998
19,15,15,0,3.6289999,3.927,28,29,27,9,1,1,1,0,0,1,98.440002
19,15,17.5,0,2.125,3.1900001,15,22,18,9,0,1,0,1,1,0,56.25
19,0,12,1,2.5999999,3.1040001,20,21,21,6,1,0,0,1,1,1,64.059998
19,10,5,1,3.1071,3.49,22,22,23,6,1,0,0,0,1,0,79.690002
19,0,3,0,2.6800001,3.171,19,25,22,7,1,1,0,1,0,0,78.129997
19,0,10,1,2.7165999,3.1110001,19,24,23,8,0,1,0,1,1,1,93.75
19,0,5,1,2.5178001,2.5999999,23,25,24,7,1,1,0,1,1,1,68.75
19,0,20,1,2.7321,3.1700001,24,26,25,7,1,1,0,1,1,1,80.470001
18,0,17.5,1,3.1551001,2.8499999,,,,9,1,1,1,0,0,1,85.160004
19,12,20,1,3.0892,3.6289999,,,,8,1,1,0,1,0,0,75
19,0,22.5,1,2.4284999,3.4460001,15,24,21,7,1,1,1,0,0,0,82.029999
19,0,25,0,3.8103001,3.6800001,22,27,24,8,1,1,1,0,1,0,92.190002
19,0,6,1,2.25,3.2920001,22,21,22,8,0,0,0,1,1,1,72.660004
19,0,10,1,2.8652999,3.483,24,24,25,9,1,1,0,1,1,0,71.879997
19,0,9,1,2.8076,3.25,21,19,20,6,0,1,0,1,0,1,57.029999
19,21,10,0,3.3448,3.467,28,22,25,6,0,1,0,0,1,1,65.629997
19,8,10,1,3.4814,3.6600001,27,29,28,9,0,1,0,1,1,1,84.379997
18,12,8,0,2.5769,3.405,23,27,24,8,0,1,0,0,0,0,69.529999
19,15,5,0,2.8333001,3.115,24,25,25,5,1,0,0,0,1,1,75
19,0,15,0,3.1152999,3.457,24,24,24,7,1,0,0,1,0,0,84.379997
19,0,13.5,0,3.4833,3.4389999,19,24,22,6,0,1,0,1,1,1,67.970001
19,15,10,0,3.6910999,3.5969999,25,26,28,9,0,1,0,1,1,1,76.559998
20,0,16,1,2.9333,3.2939999,20,24,23,9,1,0,1,0,1,1,80.470001
20,6,10,1,2.8333001,3.55,20,26,20,9,1,1,0,1,1,0,85.940002
19,17.5,20,1,2.8034999,2.9000001,27,19,23,9,0,1,0,0,1,1,82.809998
19,0,5,0,2.7678001,3.3050001,20,25,21,9,1,1,1,0,0,1,64.059998
19,0,10,0,2.3928001,3.586,29,29,26,8,1,1,0,1,1,1,66.410004
19,0,7,0,3.0713999,3.2780001,22,22,24,6,1,0,1,0,0,0,75.779999
19,10,25,1,2.6166,3.3900001,21,21,23,5,0,0,0,1,0,0,68.75
19,0,10,0,2.75,3.1140001,19,21,20,8,0,1,1,0,0,0,86.720001
19,0,17.5,0,2.1206,3.5420001,24,27,26,9,1,1,0,1,1,1,77.339996
19,10,10,1,3.02,3.6500001,27,25,27,7,0,0,1,0,0,0,82.809998
18,0,8,1,3.2291,3.23,18,23,21,6,0,1,0,1,0,0,75
18,10,8,0,3.0172,3.388,26,18,22,8,0,1,0,1,1,0,58.59
19,10,25,0,1.7,2.994,20,27,21,10,1,1,0,1,0,0,35.939999
19,0,14,0,2.4400001,3.178,17,17,20,7,1,0,0,1,0,0,56.25
19,0,4,1,3.0555,3.05,25,28,29,7,1,1,0,1,1,0,84.379997
19,15,16,0,2.48,3.0250001,16,21,20,9,1,1,0,1,0,0,68.75
19,8,11,0,1.9259,3.5829999,13,19,18,8,1,1,1,0,0,0,75
19,12,10,0,2.6199999,3.1170001,19,17,19,7,0,0,1,0,0,0,62.5
19,22.5,0,1,3.0892,3.79,,,,9,0,1,0,1,1,1,50.779999
19,20,10,1,2,3.27,27,25,25,8,0,0,0,0,1,1,65.629997
19,17.5,17.5,0,1.4615,3.1700001,23,21,22,7,0,0,0,1,0,0,62.5
19,0,25,0,2.375,3,25,24,24,8,1,1,0,1,1,1,65.629997
19,25,12,0,2.5,3.5910001,22,21,25,9,0,1,0,0,0,0,64.059998
19,25,20,0,2.7758,3.55,26,24,27,10,0,0,0,1,1,0,79.690002
19,0,40,1,3.3636,3.1619999,22,17,21,6,1,0,1,0,0,1,75
19,0,15,1,2.8,2.5829999,23,24,23,8,1,0,1,0,1,0,70.309998
18,12,12.5,1,2.9642,3,,,,7,1,0,0,1,0,0,60.16
19,0,5,0,2.6800001,3.2219999,19,19,23,7,1,0,0,0,1,1,71.089996
19,0,7,1,3.1666,3.2,16,25,19,4,0,1,1,0,0,1,89.059998
20,0,12.5,1,3.0925,3.306,22,24,22,7,1,1,0,1,1,1,63.279999
19,0,14,0,2.9166,3.151,20,17,18,6,0,0,0,1,0,1,89.059998
19,12,6,0,1.8478,3.586,24,30,25,8,1,1,0,1,0,0,89.839996
19,0,25,0,3.5160999,3.105,,,,7,1,1,1,0,0,1,97.660004
19,0,14,1,2.5833001,3.187,24,22,21,8,1,1,1,0,0,0,73.440002
19,10,9,0,3.2776999,3.5999999,26,28,26,9,0,1,0,1,0,0,93.75
19,0,15,1,3.6289999,4.0050001,21,26,24,10,0,1,1,0,1,1,75.779999
19,9.5,15,0,3.1206,3.6040001,24,23,23,10,0,1,0,1,0,0,82.809998
19,0,10,0,2.9655001,3.4630001,25,30,26,9,0,1,0,1,1,1,71.879997
19,11,15,0,2.9833,3.3499999,,,,7,0,1,0,1,1,1,82.029999
19,18,10,0,3.3213999,4,26,32,27,10,0,0,1,0,1,1,68.75
18,10,17.5,0,3.3213999,3.411,22,27,24,10,1,1,1,0,1,1,89.839996
19,0,8,1,3.5625,3.8399999,,,,9,1,1,0,1,0,1,91.410004
19,0,20,0,3.1607001,3.5550001,20,21,21,10,0,1,0,1,0,1,78.910004
18,9.5,10,0,3.6607001,3.1300001,,,,8,0,1,1,0,0,1,94.529999
19,27.5,5,1,.875,3.1600001,21,26,23,9,0,0,0,1,1,0,41.41
19,20,15,1,3.0534999,3.3310001,24,27,23,6,1,1,0,1,1,1,81.25
19,15,20,1,2.4284999,3.0090001,26,21,28,6,0,1,1,0,0,0,67.970001
19,6,7,0,2.3333001,2.7420001,19,15,17,4,1,0,1,0,1,1,38.279999
19,0,15,1,1.9482,3.3180001,19,27,24,9,1,1,0,1,0,0,75
19,10,9,0,3.2114999,3,20,19,21,5,1,0,0,1,1,0,79.690002
19,20,5,1,2.3887999,3.0710001,23,23,22,10,1,1,0,1,0,0,78.129997
19,20,21.5,1,3.1784999,2.971,22,27,22,10,0,1,0,1,1,0,68.75
19,0,10,1,2.5892,3.8610001,21,19,21,9,0,0,0,1,1,0,77.339996
19,0,15,1,3.7258,3.1199999,26,27,28,10,1,1,0,1,0,0,91.410004
