year,age,agesq,nbh,cbd,intst,lintst,price,rooms,area,land,baths,dist,ldist,wind,lprice,y81,larea,lland,y81ldist,lintstsq,nearinc,y81nrinc,rprice,lrprice
1978,48,2304,4,3000,1000,6.9078002,60000,7,1660,4578,1,10700,9.2779989,3,11.0021,0,7.4145727,8.4290171,0,47.717705,1,0,60000,11.0021
1978,83,6889,4,4000,1000,6.9078002,40000,6,2612,8370,2,11000,9.3056507,3,10.596635,0,7.8678713,9.0324087,0,47.717705,1,0,40000,10.596635
1978,58,3364,4,4000,1000,6.9078002,34000,6,1144,5000,1,11500,9.3501024,3,10.434115,0,7.0422864,8.5171928,0,47.717705,1,0,34000,10.434115
1978,11,121,4,4000,1000,6.9078002,63900,5,1136,10000,1,11900,9.3842936,3,11.065075,0,7.0352688,9.2103405,0,47.717705,1,0,63900,11.065075
1978,48,2304,4,4000,2000,7.6009002,44000,5,1868,10000,1,12100,9.4009609,3,10.691945,0,7.5326238,9.2103405,0,57.773682,1,0,44000,10.691945
1978,78,6084,4,3000,2000,7.6009002,46000,6,1780,9500,3,10000,9.2103395,3,10.736397,0,7.4843688,9.1590471,0,57.773682,1,0,46000,10.736397
1978,22,484,4,4000,2000,7.6009002,56000,6,1700,10878,2,11700,9.3673439,3,10.933107,0,7.4383836,9.2944975,0,57.773682,1,0,56000,10.933107
1978,78,6084,4,3000,2000,7.6009002,38500,6,1556,3870,2,10200,9.2301426,3,10.558414,0,7.3498735,8.2610102,0,57.773682,1,0,38500,10.558414
1978,42,1764,4,3000,2000,7.6009002,60500,8,1642,7000,2,10500,9.2591314,3,11.010399,0,7.4036703,8.8536654,0,57.773682,1,0,60500,11.010399
1978,41,1681,4,3000,2000,7.6009002,55000,5,1443,7950,2,11000,9.3056507,3,10.915089,0,7.2744794,8.9809275,0,57.773682,1,0,55000,10.915089
1978,78,6084,4,1000,4000,8.2939997,39000,6,1439,4990,1,8600,9.0595169,3,10.571317,0,7.2717037,8.5151911,0,68.790428,1,0,39000,10.571317
1978,38,1444,0,6000,4000,8.2939997,41000,5,1482,8017,1,12200,9.4091911,3,10.621327,0,7.3011479,8.9893198,0,68.790428,1,0,41000,10.621327
1978,18,324,0,5000,4000,8.2939997,50900,6,1290,12538,2,12400,9.4254522,3,10.837618,0,7.1623974,9.4365196,0,68.790428,1,0,50900,10.837618
1978,32,1024,0,9000,7000,8.8536997,52000,6,1274,7858,1,16800,9.7291336,3,10.858999,0,7.1499166,8.9692879,0,78.388,0,0,52000,10.858999
1978,18,324,0,9000,8000,8.9871998,49000,6,1476,15664,1,17200,9.7526646,3,10.799576,0,7.297091,9.6591206,0,80.76976,0,0,49000,10.799576
1978,58,3364,4,2000,3000,8.0064001,80000,7,1838,9249,2,9900,9.2002897,3,11.289782,0,7.5164332,9.1322708,0,64.10244,1,0,80000,11.289782
1978,56,3136,4,2000,3000,8.0064001,50000,6,1536,10491,2,10000,9.2103395,3,10.819778,0,7.336937,9.2582731,0,64.10244,1,0,50000,10.819778
1978,70,4900,4,2000,3000,8.0064001,59000,5,2458,9400,2,10000,9.2103395,3,10.985292,0,7.8071032,9.1484652,0,64.10244,1,0,59000,10.985292
1978,26,676,4,3000,4000,8.2939997,42000,4,750,8000,1,10600,9.268609,3,10.645425,0,6.6200733,8.9871969,0,68.790428,1,0,42000,10.645425
1978,21,441,4,4000,4000,8.2939997,71500,5,2106,13370,2,11700,9.3673439,3,11.177453,0,7.6525459,9.5007687,0,68.790428,1,0,71500,11.177453
1978,24,576,4,4000,5000,8.5172005,43000,4,1000,8000,1,11700,9.3673439,5,10.668956,0,6.9077554,8.9871969,0,72.542702,1,0,43000,10.668956
1978,33,1089,4,5000,5000,8.5172005,48000,6,1410,10370,2,12500,9.4334841,5,10.778956,0,7.2513452,9.2466726,0,72.542702,1,0,48000,10.778956
1978,128,16384,2,14000,14000,9.5467997,37500,7,2346,43560,2,19600,9.8832846,7,10.532096,0,7.7604671,10.681894,0,91.14138,0,0,37500,10.532096
1978,15,225,2,18000,18000,9.7981005,59000,6,1215,44867,1,24000,10.08581,7,10.985292,0,7.1024995,10.711458,0,96.002769,0,0,59000,10.985292
1978,7,49,2,18000,18000,9.7981005,59000,6,2128,44174,2,22200,10.00785,7,10.985292,0,7.6629376,10.695891,0,96.002769,0,0,59000,10.985292
1978,0,0,2,16000,17000,9.7410002,94000,7,2290,25250,3,21700,9.9850683,7,11.45105,0,7.7363071,10.136581,0,94.887085,0,0,94000,11.45105
1978,0,0,2,17000,17000,9.7410002,95920,7,2464,48269,3,21700,9.9850683,7,11.47127,0,7.8095412,10.784545,0,94.887085,0,0,95920,11.47127
1978,0,0,2,17000,17000,9.7410002,95000,7,2240,44916,3,21900,9.9942417,7,11.461632,0,7.714231,10.712549,0,94.887085,0,0,95000,11.461632
1978,0,0,2,17000,17000,9.7410002,95900,7,2464,50808,3,22000,9.9987984,7,11.471062,0,7.8095412,10.835809,0,94.887085,0,0,95900,11.471062
1978,1,1,2,16000,17000,9.7410002,91000,7,2240,53000,3,21600,9.9804487,7,11.418614,0,7.714231,10.878047,0,94.887085,0,0,91000,11.418614
1978,0,0,2,16000,16000,9.6802998,96900,7,2464,41463,3,21500,9.9758081,7,11.481435,0,7.8095412,10.632557,0,93.708206,0,0,96900,11.481435
1978,104,10816,4,2000,4000,8.2939997,47000,8,2576,12568,2,9400,9.1484652,3,10.757903,0,7.8539929,9.4389095,0,68.790428,1,0,47000,10.757903
1978,18,324,4,3000,4000,8.2939997,68500,6,1377,12877,2,10200,9.2301426,5,11.134589,0,7.2276626,9.4631977,0,68.790428,1,0,68500,11.134589
1978,188,35344,0,9000,9000,9.1049995,36000,6,2071,9665,2,16100,9.6865749,5,10.491274,0,7.635787,9.1762667,0,82.901016,0,0,36000,10.491274
1978,12,144,0,8000,8000,8.9871998,90000,7,2352,26890,3,15000,9.6158047,5,11.407565,0,7.7630215,10.19951,0,80.76976,1,0,90000,11.407565
1978,178,31684,0,10000,9000,9.1049995,66900,10,1750,12516,2,17100,9.7468338,5,11.110954,0,7.467371,9.434763,0,82.901016,0,0,66900,11.110954
1978,1,1,4,3000,6000,8.6995001,44000,6,1869,12500,2,6100,8.7160444,3,10.691945,0,7.5331588,9.4334841,0,75.681305,1,0,44000,10.691945
1978,48,2304,4,2000,6000,8.6995001,43500,6,1490,5000,1,6600,8.7948246,3,10.680516,0,7.3065314,8.5171928,0,75.681305,1,0,43500,10.680516
1978,56,3136,4,2000,6000,8.6995001,40000,5,1867,5000,1,6800,8.8246784,3,10.596635,0,7.5320883,8.5171928,0,75.681305,1,0,40000,10.596635
1978,3,9,4,3000,6000,8.6995001,46000,7,1261,10000,2,6000,8.6995153,3,10.736397,0,7.1396604,9.2103405,0,75.681305,1,0,46000,10.736397
1978,21,441,0,3000,5000,8.5172005,48000,5,1038,15431,1,10000,9.2103395,5,10.778956,0,6.9450512,9.6441336,0,72.542702,1,0,48000,10.778956
1978,12,144,4,4000,6000,8.6995001,61000,7,1800,13030,2,11200,9.3236694,5,11.018629,0,7.495542,9.4750099,0,75.681305,1,0,61000,11.018629
1978,28,784,4,4000,5000,8.5172005,55500,6,1972,20089,2,11400,9.3413687,5,10.924138,0,7.5868034,9.9079275,0,72.542702,1,0,55500,10.924138
1978,23,529,0,6000,7000,8.8536997,63000,6,2089,16935,1,12100,9.4009609,5,11.05089,0,7.6444407,9.7371378,0,78.388,1,0,63000,11.05089
1978,148,21904,0,6000,7000,8.8536997,32000,6,1464,29129,2,12500,9.4334841,5,10.373491,0,7.2889276,10.27949,0,78.388,1,0,32000,10.373491
1978,25,625,0,7000,7000,8.8536997,32000,6,2112,12500,2,14000,9.546813,5,10.373491,0,7.6553907,9.4334841,0,78.388,1,0,32000,10.373491
1978,13,169,0,12000,12000,9.3927002,82000,6,1964,25182,2,18300,9.8146563,5,11.314474,0,7.5827384,10.133884,0,88.222816,0,0,82000,11.314474
1978,18,324,0,14000,17000,9.7410002,51000,5,1166,45000,1,5200,8.5564137,7,10.839581,0,7.0613341,10.714417,0,94.887085,1,0,51000,10.839581
1978,38,1444,1,10000,14000,9.5467997,83000,6,3861,51062,2,8000,8.9871969,11,11.326596,0,8.2586813,10.840796,0,91.14138,1,0,83000,11.326596
1978,10,100,0,14000,16000,9.6802998,100000,7,2252,44000,3,16000,9.6803436,11,11.512925,0,7.719574,10.691945,0,93.708206,0,0,100000,11.512925
1978,8,64,0,14000,16000,9.6802998,131500,9,2598,44000,3,16000,9.6803436,11,11.786762,0,7.8624973,10.691945,0,93.708206,0,0,131500,11.786762
1978,21,441,0,17000,18000,9.7981005,37500,4,2276,43560,1,22100,10.00333,7,10.532096,0,7.730175,10.681894,0,96.002769,0,0,37500,10.532096
1978,68,4624,4,3000,6000,8.6995001,49000,6,1875,9790,2,6700,8.8098631,5,10.799576,0,7.5363641,9.1891165,0,75.681305,1,0,49000,10.799576
1978,13,169,4,4000,6000,8.6995001,54000,6,1570,8790,2,10700,9.2779989,5,10.896739,0,7.3588309,9.0813704,0,75.681305,1,0,54000,10.896739
1978,38,1444,0,4000,7000,8.8536997,56900,6,2032,10993,2,5300,8.5754623,5,10.949051,0,7.616776,9.3050137,0,78.388,1,0,56900,10.949051
1978,22,484,0,4000,8000,8.9871998,62000,6,1318,20550,2,5700,8.648221,5,11.034889,0,7.1838708,9.9306164,0,80.76976,1,0,62000,11.034889
1978,21,441,0,4000,8000,8.9871998,48000,5,1078,21800,2,5800,8.6656132,5,10.778956,0,6.9828629,9.989665,0,80.76976,1,0,48000,10.778956
1978,56,3136,4,4000,7000,8.8536997,48000,7,3460,11421,2,5900,8.6827078,5,10.778956,0,8.149024,9.3432093,0,78.388,1,0,48000,10.778956
1978,28,784,4,3000,7000,8.8536997,53000,5,1592,12700,2,6800,8.8246784,5,10.878047,0,7.3727465,9.449357,0,78.388,1,0,53000,10.878047
1978,54,2916,4,4000,7000,8.8536997,49000,8,915,14000,1,7600,8.9359035,5,10.799576,0,6.818924,9.546813,0,78.388,1,0,49000,10.799576
1978,28,784,4,5000,7000,8.8536997,31000,5,925,4585,1,11400,9.3413687,5,10.341743,0,6.8297939,8.4305458,0,78.388,1,0,31000,10.341743
1978,14,196,0,4000,7000,8.8536997,56900,6,1421,21120,2,6800,8.8246784,5,10.949051,0,7.2591162,9.9579754,0,78.388,1,0,56900,10.949051
1978,78,6084,0,10000,10000,9.2103004,34000,5,990,1710,1,15600,9.6550264,5,10.434115,0,6.8977051,7.4442487,0,84.829636,1,0,34000,10.434115
1978,153,23409,0,10000,11000,9.3057003,98000,9,3792,35942,4,16200,9.6927671,5,11.492723,0,8.2406492,10.489662,0,86.596062,0,0,98000,11.492723
1978,3,9,0,12000,12000,9.3927002,85500,7,2544,26726,3,17700,9.7813196,7,11.356272,0,7.8414931,10.193392,0,88.222816,0,0,85500,11.356272
1978,0,0,0,12000,12000,9.3927002,122500,7,2206,50094,3,18500,9.8255262,5,11.715866,0,7.698936,10.821656,0,88.222816,0,0,122500,11.715866
1978,189,35721,1,14000,17000,9.7410002,185000,9,5078,132422,4,14500,9.5819044,11,12.128111,0,8.5326729,11.793749,0,94.887085,1,0,185000,12.128111
1978,5,25,1,17000,19000,9.8521996,67500,5,1358,44775,2,16700,9.7231636,11,11.119883,0,7.2137685,10.709405,0,97.065834,0,0,67500,11.119883
1978,8,64,1,16000,19000,9.8521996,120000,7,2171,44064,3,16200,9.6927671,11,11.695247,0,7.6829433,10.693398,0,97.065834,0,0,120000,11.695247
1978,1,1,1,19000,21000,9.9523001,79000,7,1998,43561,3,19900,9.8984747,11,11.277204,0,7.5999022,10.681917,0,99.048279,0,0,79000,11.277204
1978,1,1,1,18000,21000,9.9523001,77500,7,1998,147668,3,19800,9.8934374,11,11.258033,0,7.5999022,11.902721,0,99.048279,0,0,77500,11.258033
1978,26,676,1,20000,22000,9.9988003,58000,6,1356,544500,2,21000,9.9522781,11,10.968198,0,7.2122946,13.207623,0,99.976006,0,0,58000,10.968198
1978,0,0,1,19000,21000,9.9523001,61900,9,1411,44431,3,20200,9.9134378,11,11.033276,0,7.2520537,10.701693,0,99.048279,0,0,61900,11.033276
1978,2,4,1,19000,21000,9.9523001,79900,7,1540,46174,3,21000,9.9522781,11,11.288531,0,7.3395376,10.740172,0,99.048279,0,0,79900,11.288531
1978,0,0,1,20000,22000,9.9988003,62400,7,1296,46609,2,20900,9.947504,11,11.041321,0,7.167038,10.749549,0,99.976006,0,0,62400,11.041321
1978,1,1,1,22000,24000,10.086,89500,7,2240,43560,2,23000,10.04325,11,11.401994,0,7.714231,10.681894,0,101.7274,0,0,89500,11.401994
1978,0,0,6,21000,23000,10.043,89500,7,2436,43560,3,23100,10.04759,11,11.401994,0,7.7981124,10.681894,0,100.86185,0,0,89500,11.401994
1978,0,0,6,22000,24000,10.086,94900,7,2384,43560,3,23200,10.05191,11,11.460579,0,7.776535,10.681894,0,101.7274,0,0,94900,11.460579
1978,0,0,6,24000,26000,10.166,85900,6,1862,56392,2,27100,10.20729,11,11.360939,0,7.5294065,10.940083,0,103.34756,0,0,85900,11.360939
1978,0,0,6,24000,26000,10.166,92900,7,2036,49737,3,27000,10.20359,11,11.439279,0,7.6187425,10.814505,0,103.34756,0,0,92900,11.439279
1978,0,0,6,24000,26000,10.166,84900,7,2082,43958,3,27000,10.20359,11,11.34923,0,7.6410842,10.690989,0,103.34756,0,0,84900,11.34923
1978,0,0,6,24000,26000,10.166,85900,7,1962,44465,3,26700,10.19242,11,11.360939,0,7.5817199,10.702457,0,103.34756,0,0,85900,11.360939
1978,0,0,6,24000,26000,10.166,85900,7,2286,43996,3,26600,10.18867,11,11.360939,0,7.7345591,10.691854,0,103.34756,0,0,85900,11.360939
1978,0,0,6,24000,25000,10.127,97900,7,2464,43560,3,26400,10.18112,11,11.491702,0,7.8095412,10.681894,0,102.55613,0,0,97900,11.491702
1978,0,0,6,24000,25000,10.127,78400,6,1862,45302,2,26300,10.17732,11,11.269579,0,7.5294065,10.721107,0,102.55613,0,0,78400,11.269579
1978,0,0,6,24000,26000,10.166,91400,8,2738,43995,2,27000,10.20359,11,11.423,0,7.9149828,10.691832,0,103.34756,0,0,91400,11.423
1978,0,0,6,25000,26000,10.166,106500,7,2240,43995,3,27100,10.20729,11,11.5759,0,7.714231,10.691832,0,103.34756,0,0,106500,11.5759
1978,0,0,6,24000,26000,10.166,109500,7,2780,43995,3,27000,10.20359,11,11.60368,0,7.9302063,10.691832,0,103.34756,0,0,109500,11.60368
1978,1,1,1,14000,16000,9.6802998,148000,7,2781,43560,3,15600,9.6550264,11,11.904967,0,7.9305658,10.681894,0,93.708206,1,0,148000,11.904967
1978,12,144,1,16000,19000,9.8521996,75000,6,1537,48352,2,17700,9.7813196,11,11.225244,0,7.3375878,10.786263,0,97.065834,0,0,75000,11.225244
1978,1,1,1,14000,16000,9.6802998,90400,7,2796,43560,3,15600,9.6550264,11,11.412,0,7.935945,10.681894,0,93.708206,1,0,90400,11.412
1978,1,1,1,14000,16000,9.6802998,125000,9,2794,43995,3,15600,9.6550264,11,11.736069,0,7.9352293,10.691832,0,93.708206,1,0,125000,11.736069
1978,158,24964,6,22000,23000,10.043,123000,9,2872,104544,3,33300,10.41331,11,11.719939,0,7.9627638,11.557364,0,100.86185,0,0,123000,11.719939
1978,30,900,6,21000,22000,9.9988003,63000,6,1357,45302,1,25600,10.15035,7,11.05089,0,7.2130318,10.721107,0,99.976006,0,0,63000,11.05089
1978,188,35344,6,21000,23000,10.043,87500,7,3256,44867,2,25300,10.13856,11,11.379395,0,8.0882549,10.711458,0,100.86185,0,0,87500,11.379395
1978,0,0,0,30000,31000,10.342,73000,7,2038,49223,2,33300,10.41331,11,11.198215,0,7.6197243,10.804116,0,106.95696,0,0,73000,11.198215
1978,0,0,0,25000,26000,10.166,84900,7,1924,44431,3,28100,10.24352,11,11.34923,0,7.5621614,10.701693,0,103.34756,0,0,84900,11.34923
1978,0,0,0,25000,26000,10.166,80900,7,2370,43560,3,27300,10.21464,11,11.300969,0,7.7706451,10.681894,0,103.34756,0,0,80900,11.300969
1978,0,0,0,25000,26000,10.166,94000,7,2036,51836,3,27200,10.21097,11,11.45105,0,7.6187425,10.85584,0,103.34756,0,0,94000,11.45105
1978,0,0,0,30000,31000,10.342,74500,7,1818,55321,2,33200,10.41031,11,11.218554,0,7.5054922,10.920908,0,106.95696,0,0,74500,11.218554
1978,1,1,5,33000,34000,10.434,82500,7,1986,50094,3,36700,10.51053,11,11.320554,0,7.5938778,10.821656,0,108.86835,0,0,82500,11.320554
1978,3,9,5,31000,32000,10.373,86000,6,1855,50965,2,34600,10.45161,11,11.362103,0,7.52564,10.838895,0,107.59913,0,0,86000,11.362103
1978,1,1,5,30000,30000,10.309,76900,6,1836,46174,3,33300,10.41331,11,11.250261,0,7.5153446,10.740172,0,106.27548,0,0,76900,11.250261
1978,1,1,5,30000,30000,10.309,75900,7,1836,45738,2,33300,10.41331,11,11.237172,0,7.5153446,10.730684,0,106.27548,0,0,75900,11.237172
1978,0,0,5,30000,30000,10.309,75500,7,1820,46174,3,33300,10.41331,11,11.231888,0,7.5065918,10.740172,0,106.27548,0,0,75500,11.231888
1978,0,0,5,30000,30000,10.309,75000,7,1728,47916,2,33300,10.41331,11,11.225244,0,7.45472,10.777205,0,106.27548,0,0,75000,11.225244
1978,0,0,5,30000,30000,10.309,73900,6,2092,47045,3,33300,10.41331,11,11.210468,0,7.6458759,10.75886,0,106.27548,0,0,73900,11.210468
1978,0,0,5,33000,34000,10.434,83900,7,2036,46174,3,36800,10.51325,11,11.337381,0,7.6187425,10.740172,0,108.86835,0,0,83900,11.337381
1978,1,1,5,33000,34000,10.434,76900,7,2400,43560,3,37100,10.52137,11,11.250261,0,7.7832241,10.681894,0,108.86835,0,0,76900,11.250261
1978,0,0,5,30000,31000,10.342,84300,7,2104,68689,3,33200,10.41031,11,11.342137,0,7.6515956,11.137344,0,106.95696,0,0,84300,11.342137
1978,0,0,5,30000,31000,10.342,75900,7,1928,157252,3,33300,10.41331,11,11.237172,0,7.5642385,11.965605,0,106.95696,0,0,75900,11.237172
1978,0,0,5,30000,31000,10.342,87900,7,2067,204296,3,33300,10.41331,11,11.383955,0,7.6338534,12.227325,0,106.95696,0,0,87900,11.383955
1978,13,169,2,26000,26000,10.166,65000,7,1360,43910,2,30100,10.31228,7,11.082143,0,7.21524,10.689898,0,103.34756,0,0,65000,11.082143
1978,0,0,2,26000,26000,10.166,90000,7,1940,43996,3,30000,10.30895,7,11.407565,0,7.5704432,10.691854,0,103.34756,0,0,90000,11.407565
1978,5,25,2,26000,26000,10.166,104500,7,2816,43560,3,29900,10.30561,7,11.556942,0,7.9430728,10.681894,0,103.34756,0,0,104500,11.556942
1978,14,196,2,24000,25000,10.127,63000,6,1235,95832,2,28400,10.25414,7,11.05089,0,7.1188264,11.470352,0,102.55613,0,0,63000,11.05089
1978,5,25,2,27000,27000,10.204,66100,7,1388,46600,2,31000,10.34174,7,11.098924,0,7.2356191,10.749356,0,104.12163,0,0,66100,11.098924
1978,6,36,2,27000,27000,10.204,60000,7,1070,48834,1,31000,10.34174,7,11.0021,0,6.9754138,10.796182,0,104.12163,0,0,60000,11.0021
1978,4,16,2,27000,28000,10.24,73000,7,1390,46100,2,31000,10.34174,11,11.198215,0,7.2370591,10.738568,0,104.8576,0,0,73000,11.198215
1978,3,9,2,24000,25000,10.127,83000,9,2574,43996,3,28200,10.24708,7,11.326596,0,7.8532162,10.691854,0,102.55613,0,0,83000,11.326596
1978,1,1,5,28000,29000,10.275,70500,6,1232,45000,2,32300,10.38282,11,11.163368,0,7.116394,10.714417,0,105.57561,0,0,70500,11.163368
1978,4,16,5,28000,28000,10.24,120000,6,2650,43996,3,32000,10.37349,7,11.695247,0,7.8823147,10.691854,0,104.8576,0,0,120000,11.695247
1978,12,144,5,31000,32000,10.373,62500,6,1978,44867,2,35700,10.48291,7,11.042922,0,7.5898414,10.711458,0,107.59913,0,0,62500,11.042922
1978,1,1,5,28000,29000,10.275,65500,6,1248,45000,2,32800,10.39818,11,11.089806,0,7.1292977,10.714417,0,105.57561,0,0,65500,11.089806
1978,9,81,5,27000,28000,10.24,84900,7,1716,45500,2,31300,10.35137,7,11.34923,0,7.447751,10.725468,0,104.8576,0,0,84900,11.34923
1978,9,81,5,31000,31000,10.342,63400,6,1144,44431,1,35600,10.4801,7,11.05722,0,7.0422864,10.701693,0,106.95696,0,0,63400,11.05722
1978,2,4,5,30000,30000,10.309,80000,7,2450,44867,3,34500,10.44871,7,11.289782,0,7.8038435,10.711458,0,106.27548,0,0,80000,11.289782
1978,2,4,0,23000,24000,10.086,86000,7,2952,43996,3,28200,10.24708,7,11.362103,0,7.9902382,10.691854,0,101.7274,0,0,86000,11.362103
1978,0,0,0,23000,24000,10.086,94376,7,2800,69260,3,28400,10.25414,7,11.455042,0,7.9373746,11.145623,0,101.7274,0,0,94376,11.455042
1978,0,0,0,23000,24000,10.086,90500,7,2108,52272,3,28000,10.23996,7,11.413105,0,7.6534948,10.864216,0,101.7274,0,0,90500,11.413105
1978,2,4,0,24000,24000,10.086,90500,7,2208,54014,3,28400,10.25414,7,11.413105,0,7.6998425,10.896998,0,101.7274,0,0,90500,11.413105
1978,0,0,0,24000,24000,10.086,84900,7,1560,44864,3,28600,10.26116,7,11.34923,0,7.3524413,10.71139,0,101.7274,0,0,84900,11.34923
1978,2,4,0,24000,24000,10.086,86000,7,2248,49222,3,28300,10.25062,7,11.362103,0,7.7177963,10.804096,0,101.7274,0,0,86000,11.362103
1978,6,36,2,22000,23000,10.043,91500,7,2284,44001,3,27800,10.23279,7,11.424094,0,7.7336836,10.691968,0,100.86185,0,0,91500,11.424094
1978,23,529,2,21000,21000,9.9523001,89912,7,2632,64904,2,27000,10.20359,7,11.406587,0,7.8754992,11.080665,0,99.048279,0,0,89912,11.406587
1978,23,529,2,21000,21000,9.9523001,88000,7,2632,64904,2,27000,10.20359,7,11.385092,0,7.8754992,11.080665,0,99.048279,0,0,88000,11.385092
1978,14,196,2,19000,19000,9.8521996,73500,6,1936,43996,2,25200,10.1346,7,11.205041,0,7.5683794,10.691854,0,97.065834,0,0,73500,11.205041
1978,8,64,2,21000,21000,9.9523001,85000,8,2004,44080,2,26700,10.19242,7,11.350407,0,7.6029005,10.693762,0,99.048279,0,0,85000,11.350407
1978,13,169,2,21000,21000,9.9523001,87000,7,1920,44260,2,26200,10.17351,7,11.373663,0,7.5600805,10.697837,0,99.048279,0,0,87000,11.373663
1978,5,25,2,20000,20000,9.9034996,97000,7,2136,44000,3,25800,10.15813,7,11.482467,0,7.6666903,10.691945,0,98.079308,0,0,97000,11.482467
1978,3,9,2,24000,24000,10.086,72500,7,2472,46422,3,29000,10.27505,7,11.191341,0,7.8127828,10.745529,0,101.7274,0,0,72500,11.191341
1978,4,16,2,24000,23000,10.043,77000,7,1792,45106,3,29000,10.27505,7,11.251561,0,7.4910874,10.71677,0,100.86185,0,0,77000,11.251561
1978,5,25,2,23000,23000,10.043,85000,7,2136,117176,3,28100,10.24352,7,11.350407,0,7.6666903,11.671432,0,100.86185,0,0,85000,11.350407
1978,4,16,2,20000,20000,9.9034996,82000,8,2016,44900,3,25800,10.15813,7,11.314474,0,7.6088705,10.712193,0,98.079308,0,0,82000,11.314474
1978,0,0,2,20000,20000,9.9034996,93000,6,2514,43996,3,26000,10.16585,7,11.440354,0,7.8296304,10.691854,0,98.079308,0,0,93000,11.440354
1978,0,0,2,20000,20000,9.9034996,105000,7,2432,43663,3,25600,10.15035,7,11.561716,0,7.7964692,10.684257,0,98.079308,0,0,105000,11.561716
1978,0,0,2,20000,20000,9.9034996,106500,7,2878,43560,3,25600,10.15035,7,11.5759,0,7.9648509,10.681894,0,98.079308,0,0,106500,11.5759
1978,15,225,3,26000,26000,10.166,44900,5,960,51690,1,31700,10.36407,7,10.712193,0,6.8669333,10.85302,0,103.34756,0,0,44900,10.712193
1978,11,121,0,19000,18000,9.7981005,73000,7,1868,56900,3,25900,10.162,5,11.198215,0,7.5326238,10.949051,0,96.002769,0,0,73000,11.198215
1978,11,121,3,29000,28000,10.24,46500,6,1296,94961,2,35200,10.4688,7,10.747208,0,7.167038,11.461222,0,104.8576,0,0,46500,10.747208
1978,13,169,3,29000,28000,10.24,50000,6,1668,43560,2,35700,10.48291,7,10.819778,0,7.4193807,10.681894,0,104.8576,0,0,50000,10.819778
1978,0,0,3,29000,28000,10.24,90000,7,2052,43560,3,35400,10.47447,7,11.407565,0,7.6265702,10.681894,0,104.8576,0,0,90000,11.407565
1978,1,1,0,33000,33000,10.404,49500,6,1100,38768,1,38600,10.56101,7,10.809728,0,7.0030656,10.565351,0,108.24323,0,0,49500,10.809728
1978,28,784,0,35000,34000,10.434,57000,5,1320,64033,1,40000,10.59663,7,10.950807,0,7.1853871,11.067154,0,108.86835,0,0,57000,10.950807
1978,9,81,0,11000,13000,9.4727001,120000,6,3030,47916,3,14800,9.6023817,7,11.695247,0,8.0163183,10.777205,0,89.732048,1,0,120000,11.695247
1978,3,9,0,14000,15000,9.6157999,83500,6,1924,42688,2,18900,9.8469172,7,11.332602,0,7.5621614,10.661674,0,92.463608,0,0,83500,11.332602
1978,0,0,0,11000,12000,9.3927002,300000,7,3770,282704,3,15500,9.6485949,7,12.611538,0,8.2348299,12.552155,0,88.222816,1,0,300000,12.611538
1978,3,9,0,12000,12000,9.3927002,64900,7,2856,29955,2,17700,9.7813196,7,11.080603,0,7.9571772,10.307451,0,88.222816,0,0,64900,11.080603
1978,58,3364,4,6000,6000,8.6995001,50900,5,930,8185,1,13400,9.5030098,5,10.837618,0,6.8351846,9.0100584,0,75.681305,1,0,50900,10.837618
1978,12,144,4,7000,6000,8.6995001,60500,6,1399,10000,2,13600,9.5178251,5,11.010399,0,7.2435131,9.2103405,0,75.681305,1,0,60500,11.010399
1978,3,9,4,6000,5000,8.5172005,70400,5,1342,8500,2,13500,9.5104446,5,11.161948,0,7.2019162,9.047821,0,72.542702,1,0,70400,11.161948
1978,48,2304,4,6000,7000,8.8536997,48000,6,1500,5153,2,11800,9.3758554,5,10.778956,0,7.3132205,8.5473347,0,78.388,1,0,48000,10.778956
1978,25,625,0,10000,10000,9.2103004,53500,7,1333,11883,1,16800,9.7291336,5,10.887437,0,7.1951871,9.382864,0,84.829636,0,0,53500,10.887437
1978,8,64,6,24000,26000,10.166,66000,6,1844,92783,2,26200,10.17351,11,11.09741,0,7.5196924,11.438019,0,103.34756,0,0,66000,11.09741
1978,8,64,6,24000,26000,10.166,64000,6,1764,86249,2,26000,10.16585,11,11.066638,0,7.4753394,11.364994,0,103.34756,0,0,64000,11.066638
1978,11,121,0,15000,15000,9.6157999,65000,7,2727,44867,3,21300,9.9664621,7,11.082143,0,7.9109573,10.711458,0,92.463608,0,0,65000,11.082143
1978,10,100,0,14000,13000,9.4727001,72900,7,2080,25000,2,19700,9.8883743,7,11.196844,0,7.6401234,10.126631,0,89.732048,0,0,72900,11.196844
1978,2,4,0,13000,13000,9.4727001,26000,7,2030,25120,3,19400,9.8730278,7,10.165852,0,7.6157908,10.131419,0,89.732048,0,0,26000,10.165852
1978,0,0,0,14000,14000,9.5467997,117000,7,3030,32255,3,21000,9.9522781,5,11.66993,0,8.0163183,10.381429,0,91.14138,0,0,117000,11.66993
1978,0,0,0,14000,13000,9.4727001,97000,7,2252,30894,3,20200,9.9134378,5,11.482467,0,7.719574,10.338317,0,89.732048,0,0,97000,11.482467
1978,2,4,0,13000,13000,9.4727001,95000,7,2238,25690,3,19800,9.8934374,5,11.461632,0,7.7133379,10.153857,0,89.732048,0,0,95000,11.461632
1978,0,0,0,14000,13000,9.4727001,107900,7,2464,30945,3,20500,9.9281797,5,11.58896,0,7.8095412,10.339967,0,89.732048,0,0,107900,11.58896
1978,0,0,0,14000,14000,9.5467997,120000,7,2464,31059,3,20900,9.947504,5,11.695247,0,7.8095412,10.343644,0,91.14138,0,0,120000,11.695247
1978,1,1,0,14000,14000,9.5467997,120000,7,2502,34666,3,21100,9.9570284,5,11.695247,0,7.8248458,10.453515,0,91.14138,0,0,120000,11.695247
1978,0,0,0,14000,14000,9.5467997,121000,7,2510,31915,3,20900,9.947504,5,11.703546,0,7.8280382,10.370831,0,91.14138,0,0,121000,11.703546
1978,0,0,0,14000,13000,9.4727001,107000,7,2012,30800,3,20800,9.942708,5,11.580585,0,7.6068845,10.33527,0,89.732048,0,0,107000,11.580585
1978,0,0,0,14000,13000,9.4727001,119900,7,2352,31331,3,20500,9.9281797,5,11.694413,0,7.7630215,10.352364,0,89.732048,0,0,119900,11.694413
1978,0,0,0,14000,13000,9.4727001,142500,7,2492,27248,3,20300,9.918376,5,11.867097,0,7.8208408,10.212735,0,89.732048,0,0,142500,11.867097
1978,0,0,0,14000,13000,9.4727001,84211,7,2756,27205,3,20200,9.9134378,5,11.341081,0,7.9215355,10.211156,0,89.732048,0,0,84211,11.341081
1981,81,6561,4,4000,1000,6.9078002,49000,6,1554,6790,1,11800,9.3758554,4,10.799576,1,7.3485875,8.8232059,9.3758554,47.717705,1,1,37634.41,10.535674
1981,71,5041,4,3000,2000,7.6009002,52000,5,1575,3485,1,10100,9.2202911,3,10.858999,1,7.3620105,8.1562233,9.2202911,57.773682,1,1,39938.555,10.595098
1981,31,961,4,3000,2000,7.6009002,68000,6,3304,18731,2,10200,9.2301426,3,11.127263,1,8.1028891,9.8379354,9.2301426,57.773682,1,1,52227.344,10.863361
1981,41,1681,4,3000,2000,7.6009002,54000,6,1700,7500,1,11200,9.3236694,3,10.896739,1,7.4383836,8.922658,9.3236694,57.773682,1,1,41474.656,10.632838
1981,31,961,4,4000,2000,7.6009002,70000,6,1454,5500,2,11800,9.3758554,3,11.156251,1,7.2820735,8.6125031,9.3758554,57.773682,1,1,53763.441,10.892349
1981,81,6561,4,3000,2000,7.6009002,47000,6,1410,4500,1,10200,9.2301426,3,10.757903,1,7.2513452,8.4118328,9.2301426,57.773682,1,1,36098.309,10.494001
1981,19,361,0,5000,4000,8.2939997,73900,6,1592,13068,1,13200,9.4879723,3,11.210468,1,7.3727465,9.4779215,9.4879723,68.790428,1,1,56758.832,10.946567
1981,1,1,0,9000,9000,9.1049995,117500,9,1910,15246,3,18200,9.8091774,5,11.674193,1,7.5548587,9.6320724,9.8091774,82.901016,0,0,90245.773,11.410292
1981,41,1681,0,10000,10000,9.2103004,60000,5,735,10454,1,19000,9.8521938,5,11.0021,1,6.5998707,9.2547398,9.8521938,84.829636,0,0,46082.949,10.738198
1981,1,1,0,16000,15000,9.6157999,85000,6,1154,43560,2,23000,10.04325,5,11.350407,1,7.0509896,10.681894,10.04325,92.463608,0,0,65284.18,11.086505
1981,26,676,0,9000,7000,8.8536997,66479,5,1104,15512,1,17000,9.7409687,3,11.104641,1,7.0066953,9.6493692,9.7409687,78.388,0,0,51059.141,10.84074
1981,81,6561,4,1000,3000,8.0064001,70000,6,1830,13939,1,9000,9.1049805,3,11.156251,1,7.5120711,9.5424461,9.1049805,64.10244,1,1,53763.441,10.892349
1981,41,1681,4,3000,4000,8.2939997,66500,5,1166,9770,1,10500,9.2591314,3,11.104958,1,7.0613341,9.1870718,9.2591314,68.790428,1,1,51075.27,10.841056
1981,31,961,4,4000,4000,8.2939997,91000,7,2263,10019,2,11500,9.3501024,5,11.418614,1,7.7244468,9.2122383,9.3501024,68.790428,1,1,69892.477,11.154714
1981,31,961,4,4000,4000,8.2939997,72500,6,1482,12632,1,11900,9.3842936,5,11.191341,1,7.3011479,9.4439888,9.3842936,68.790428,1,1,55683.563,10.927441
1981,36,1296,4,4000,4000,8.2939997,67000,4,970,11104,1,11900,9.3842936,5,11.112448,1,6.877296,9.3150606,9.3842936,68.790428,1,1,51459.293,10.848546
1981,21,441,1,8000,12000,9.3927002,68000,6,1684,81273,2,5800,8.6656132,11,11.127263,1,7.4289274,11.305569,8.6656132,88.222816,1,1,52227.344,10.863361
1981,18,324,2,18000,18000,9.7981005,85000,6,1080,52272,2,24100,10.08997,7,11.350407,1,6.9847164,10.864216,10.08997,96.002769,0,0,65284.18,11.086505
1981,13,169,4,3000,5000,8.5172005,106000,6,1633,17728,2,10500,9.2591314,5,11.571195,1,7.3981743,9.7829008,9.2591314,72.542702,1,1,81413.211,11.307293
1981,24,576,4,4000,5000,8.5172005,130000,7,3208,17424,3,11500,9.3501024,5,11.77529,1,8.0734034,9.765604,9.3501024,72.542702,1,1,99846.391,11.511388
1981,0,0,0,11000,10000,9.2103004,119900,7,2258,12500,3,18800,9.8416119,5,11.694413,1,7.7222347,9.4334841,9.8416119,84.829636,0,0,92089.094,11.430511
1981,1,1,0,12000,10000,9.2103004,125000,7,2016,12632,3,18900,9.8469172,5,11.736069,1,7.6088705,9.4439888,9.8469172,84.829636,0,0,96006.141,11.472167
1981,0,0,0,12000,10000,9.2103004,118000,7,1991,12632,3,18900,9.8469172,5,11.67844,1,7.5963922,9.4439888,9.8469172,84.829636,0,0,90629.797,11.414538
1981,0,0,0,12000,10000,9.2103004,100000,7,1746,13504,3,19000,9.8521938,5,11.512925,1,7.4650826,9.5107412,9.8521938,84.829636,0,0,76804.914,11.249023
1981,1,1,0,12000,10000,9.2103004,128000,7,2700,13504,3,19000,9.8521938,5,11.759786,1,7.9010072,9.5107412,9.8521938,84.829636,0,0,98310.289,11.495884
1981,0,0,0,11000,10000,9.2103004,140000,7,2302,13504,3,18800,9.8416119,5,11.849398,1,7.7415338,9.5107412,9.8416119,84.829636,0,0,107526.88,11.585496
1981,0,0,0,11000,10000,9.2103004,143500,6,2144,12806,3,18400,9.8201056,5,11.87409,1,7.6704288,9.4576693,9.8201056,84.829636,0,0,110215.05,11.610188
1981,59,3481,4,2000,6000,8.6995001,66500,5,1867,5000,1,6800,8.8246784,3,11.104958,1,7.5320883,8.5171928,8.8246784,75.681305,1,1,51075.27,10.841056
1981,51,2601,0,2000,5000,8.5172005,50000,5,1140,13945,1,7100,8.8678503,3,10.819778,1,7.0387836,9.5428762,8.8678503,72.542702,1,1,38402.457,10.555877
1981,25,625,0,4000,5000,8.5172005,65000,5,912,12005,1,11100,9.3147001,5,11.082143,1,6.81564,9.3930788,9.3147001,72.542702,1,1,49923.195,10.818241
1981,20,400,0,7000,7000,8.8536997,86000,6,1425,19550,1,14000,9.546813,5,11.362103,1,7.2619271,9.8807306,9.546813,78.388,1,1,66052.227,11.098201
1981,131,17161,0,12000,12000,9.3927002,120000,9,3798,50045,2,19000,9.8521938,5,11.695247,1,8.2422295,10.820678,9.8521938,88.222816,0,0,92165.898,11.431346
1981,0,0,0,11000,11000,9.3057003,135000,7,2252,34879,3,18300,9.8146563,5,11.81303,1,7.719574,10.459641,9.8146563,86.596062,0,0,103686.63,11.549129
1981,0,0,0,11000,11000,9.3057003,135000,7,2252,34879,3,18300,9.8146563,5,11.81303,1,7.719574,10.459641,9.8146563,86.596062,0,0,103686.63,11.549129
1981,0,0,0,12000,11000,9.3057003,160000,7,2836,37046,3,18500,9.8255262,5,11.982929,1,7.95015,10.519916,9.8255262,86.596062,0,0,122887.87,11.719028
1981,0,0,0,12000,11000,9.3057003,168000,7,2486,30808,3,18600,9.8309174,5,12.031719,1,7.8184304,10.335529,9.8309174,86.596062,0,0,129032.26,11.767817
1981,0,0,0,12000,11000,9.3057003,182095,7,3074,25159,3,18500,9.8255262,5,12.112284,1,8.030735,10.132971,9.8255262,86.596062,0,0,139857.91,11.848382
1981,0,0,0,12000,11000,9.3057003,175000,7,3074,25265,3,18500,9.8255262,5,12.072541,1,8.030735,10.137176,9.8255262,86.596062,0,0,134408.61,11.80864
1981,0,0,0,11000,11000,9.3057003,162000,7,3232,25380,3,18400,9.8201056,5,11.995352,1,8.0808563,10.141717,9.8201056,86.596062,0,0,124423.96,11.73145
1981,0,0,0,12000,12000,9.3927002,189857,7,3396,31412,4,18700,9.8362789,5,12.154026,1,8.1303539,10.354945,9.8362789,88.222816,0,0,145819.52,11.890125
1981,0,0,0,12000,12000,9.3927002,190508,7,2464,37026,3,18900,9.8469172,5,12.15745,1,7.8095412,10.519376,9.8469172,88.222816,0,0,146319.52,11.893548
1981,0,0,0,12000,12000,9.3927002,234552,7,3252,29671,3,19000,9.8521938,5,12.365433,1,8.0870256,10.297925,9.8521938,88.222816,0,0,180147.47,12.101531
1981,0,0,0,12000,11000,9.3057003,220000,7,3040,29621,3,19000,9.8521938,5,12.301383,1,8.0196133,10.296239,9.8521938,86.596062,0,0,168970.81,12.037481
1981,0,0,0,12000,11000,9.3057003,175000,7,3055,25265,3,18900,9.8469172,5,12.072541,1,8.0245352,10.137176,9.8469172,86.596062,0,0,134408.61,11.80864
1981,11,121,0,13000,16000,9.6802998,118000,7,1731,14810,2,5000,8.5171928,7,11.67844,1,7.4564548,9.6030579,8.5171928,93.708206,1,1,90629.797,11.414538
1981,1,1,1,11000,14000,9.5467997,155000,9,2996,45738,3,8700,9.0710783,11,11.95118,1,8.0050335,10.730684,9.0710783,91.14138,1,1,119047.62,11.687279
1981,0,0,1,11000,14000,9.5467997,144000,7,2464,46174,3,8600,9.0595169,11,11.877568,1,7.8095412,10.740172,9.0595169,91.14138,1,1,110599.08,11.613667
1981,0,0,1,10000,13000,9.4727001,216000,7,2548,46174,3,8800,9.0825071,11,12.283033,1,7.8430638,10.740172,9.0825071,89.732048,1,1,165898.63,12.019133
1981,0,0,1,10000,13000,9.4727001,124500,6,3398,63260,4,9900,9.2002897,11,11.732061,1,8.1309423,11.055009,9.2002897,89.732048,1,1,95622.117,11.46816
1981,0,0,1,10000,13000,9.4727001,80000,6,1988,65212,3,8100,8.9996185,11,11.289782,1,7.5948844,11.085399,8.9996185,89.732048,1,1,61443.934,11.025881
1981,0,0,1,10000,14000,9.5467997,100000,7,5136,47916,3,8200,9.0118895,11,11.512925,1,8.5440302,10.777205,9.0118895,91.14138,1,1,76804.914,11.249023
1981,81,6561,4,3000,6000,8.6995001,88000,6,2327,35538,1,7800,8.9618788,5,11.385092,1,7.7523351,10.478358,8.9618788,75.681305,1,1,67588.328,11.121191
1981,41,1681,4,3000,7000,8.8536997,41000,6,936,8276,1,6300,8.7483053,5,10.621327,1,6.8416157,9.0211153,8.7483053,78.388,1,1,31490.016,10.357426
1981,121,14641,4,7000,3000,8.0064001,66000,7,1674,54886,1,7600,8.9359035,5,11.09741,1,7.4229712,10.913013,8.9359035,64.10244,1,1,50691.246,10.833508
1981,7,49,4,4000,7000,8.8536997,74000,5,1587,5957,2,9600,9.1695185,5,11.211821,1,7.3696008,8.6923227,9.1695185,78.388,1,1,56835.637,10.947919
1981,1,1,0,4000,7000,8.8536997,76900,5,1531,3049,2,7200,8.8818359,5,11.250261,1,7.3336763,8.0225687,8.8818359,78.388,1,1,59062.98,10.98636
1981,0,0,0,7000,9000,9.1049995,132000,7,2574,43757,3,12300,9.4173546,7,11.790557,1,7.8532162,10.686407,9.4173546,82.901016,1,1,101382.49,11.526656
1981,0,0,0,6000,8000,8.9871998,130000,7,2644,35284,2,11900,9.3842936,5,11.77529,1,7.8800483,10.471185,9.3842936,80.76976,1,1,99846.391,11.511388
1981,39,1521,0,10000,10000,9.2103004,75000,6,1456,18215,1,16100,9.6865749,5,11.225244,1,7.2834482,9.8100004,9.6865749,84.829636,0,0,57603.688,10.961342
1981,2,4,0,10000,11000,9.3057003,156500,7,2464,31215,3,16000,9.6803436,7,11.960812,1,7.8095412,10.348654,9.6803436,86.596062,0,0,120199.7,11.69691
1981,8,64,0,10000,10000,9.2103004,140000,8,2400,29226,3,16000,9.6803436,5,11.849398,1,7.7832241,10.282814,9.6803436,84.829636,0,0,107526.88,11.585496
1981,81,6561,0,11000,11000,9.3057003,65000,6,1760,32670,2,17300,9.758462,5,11.082143,1,7.4730692,10.394213,9.758462,86.596062,0,0,49923.195,10.818241
1981,6,36,0,12000,12000,9.3927002,150000,6,3132,26136,3,17800,9.7869539,7,11.91839,1,8.049427,10.171069,9.7869539,88.222816,0,0,115207.38,11.65449
1981,2,4,0,13000,13000,9.4727001,155000,7,2688,28688,2,19000,9.8521938,5,11.95118,1,7.8965526,10.264235,9.8521938,89.732048,0,0,119047.62,11.687279
1981,0,0,6,23000,25000,10.127,153000,7,2656,43996,3,24500,10.10643,11,11.938193,1,7.8845763,10.691854,10.10643,102.55613,0,0,117511.52,11.674292
1981,0,0,6,23000,25000,10.127,160000,7,2738,43560,3,24600,10.1105,11,11.982929,1,7.9149828,10.681894,10.1105,102.55613,0,0,122887.87,11.719028
1981,0,0,6,23000,25000,10.127,148000,7,2736,43560,3,24600,10.1105,11,11.904967,1,7.9142523,10.681894,10.1105,102.55613,0,0,113671.27,11.641066
1981,0,0,6,23000,25000,10.127,142000,8,3726,43935,3,24500,10.10643,11,11.863583,1,8.2230902,10.690467,10.10643,102.55613,0,0,109062.98,11.599681
1981,1,1,6,22000,24000,10.086,162000,7,2656,45302,3,24100,10.08997,11,11.995352,1,7.8845763,10.721107,10.08997,101.7274,0,0,124423.96,11.73145
1981,0,0,6,22000,24000,10.086,175500,8,3284,43996,3,24000,10.08581,11,12.075395,1,8.096817,10.691854,10.08581,101.7274,0,0,134792.63,11.811493
1981,1,1,6,22000,24000,10.086,194000,9,3170,45302,3,23900,10.08163,11,12.175613,1,8.0614872,10.721107,10.08163,101.7274,0,0,149001.53,11.911712
1981,0,0,6,24000,25000,10.127,130500,6,2330,43995,2,26800,10.19616,11,11.779128,1,7.7536235,10.691832,10.19616,102.55613,0,0,100230.41,11.515227
1981,29,841,1,16000,19000,9.8521996,73000,6,1564,48787,1,17200,9.7526646,11,11.198215,1,7.3550019,10.795219,9.7526646,97.065834,0,0,56067.59,10.934313
1981,0,0,1,16000,18000,9.7981005,140000,6,2248,49829,3,17100,9.7468338,11,11.849398,1,7.7177963,10.816353,9.7468338,96.002769,0,0,107526.88,11.585496
1981,29,841,1,17000,19000,9.8521996,82000,6,1566,43996,1,18300,9.8146563,11,11.314474,1,7.3562799,10.691854,9.8146563,97.065834,0,0,62980.031,11.050573
1981,2,4,1,15000,17000,9.7410002,180000,7,2744,77101,3,16500,9.7111158,11,12.100712,1,7.917172,11.252872,9.7111158,94.887085,0,0,138248.84,11.83681
1981,0,0,1,16000,18000,9.7981005,200000,7,2470,64745,3,16600,9.7171583,11,12.206073,1,7.8119736,11.078212,9.7171583,96.002769,0,0,153609.83,11.942171
1981,51,2601,6,22000,23000,10.043,52900,6,1199,54450,1,25500,10.14643,7,10.876159,1,7.0892429,10.905038,10.14643,100.86185,0,0,40629.801,10.612257
1981,17,289,6,21000,23000,10.043,110000,6,2204,45302,2,25200,10.1346,11,11.608235,1,7.698029,10.721107,10.1346,100.86185,0,0,84485.406,11.344334
1981,0,0,6,22000,24000,10.086,68000,7,2400,45738,3,25200,10.1346,11,11.127263,1,7.7832241,10.730684,10.1346,101.7274,0,0,52227.344,10.863361
1981,2,4,6,22000,23000,10.043,90000,7,3152,51835,2,25000,10.12663,11,11.407565,1,8.0557928,10.855821,10.12663,100.86185,0,0,69124.422,11.143663
1981,2,4,6,22000,23000,10.043,102000,7,3152,51835,2,25000,10.12663,11,11.532728,1,8.0557928,10.855821,10.12663,100.86185,0,0,78341.016,11.268826
1981,0,0,6,22000,24000,10.086,119600,7,2701,48787,3,25300,10.13856,11,11.691908,1,7.9013772,10.795219,10.13856,101.7274,0,0,91858.68,11.428006
1981,2,4,0,25000,26000,10.166,113500,7,2000,43569,3,28000,10.23996,11,11.639558,1,7.6009026,10.682101,10.23996,103.34756,0,0,87173.578,11.375656
1981,11,121,2,27000,28000,10.24,80500,7,1286,44200,2,30900,10.33851,11,11.296013,1,7.1592917,10.69648,10.33851,104.8576,0,0,61827.957,11.032111
1981,19,361,2,25000,26000,10.166,75900,6,1344,78408,2,29800,10.30226,7,11.237172,1,7.2034054,11.269681,10.30226,103.34756,0,0,58294.93,10.97327
1981,2,4,2,23000,24000,10.086,109000,6,1232,49384,2,27000,10.20359,11,11.599103,1,7.116394,10.807382,10.20359,101.7274,0,0,83717.359,11.335201
1981,6,36,2,24000,24000,10.086,160000,7,4056,69465,3,27900,10.23638,7,11.982929,1,8.3079529,11.148579,10.23638,101.7274,0,0,122887.87,11.719028
1981,8,64,2,25000,25000,10.127,120000,7,2364,43996,3,29300,10.28534,7,11.695247,1,7.7681103,10.691854,10.28534,102.55613,0,0,92165.898,11.431346
1981,0,0,2,25000,26000,10.166,135900,7,2377,43560,3,29600,10.29553,7,11.819674,1,7.7735944,10.681894,10.29553,103.34756,0,0,104377.88,11.555773
1981,6,36,5,27000,28000,10.24,121000,7,2706,43996,3,31800,10.36722,7,11.703546,1,7.9032269,10.691854,10.36722,104.8576,0,0,92933.945,11.439644
1981,15,225,5,31000,32000,10.373,85000,6,1978,44867,2,35700,10.48291,7,11.350407,1,7.5898414,10.711458,10.48291,107.59913,0,0,65284.18,11.086505
1981,3,9,5,28000,28000,10.24,133000,7,2756,43573,3,32100,10.37661,7,11.798104,1,7.9215355,10.682193,10.37661,104.8576,0,0,102150.54,11.534203
1981,0,0,5,31000,31000,10.342,143000,7,2576,49223,3,35400,10.47447,7,11.8706,1,7.8539929,10.804116,10.47447,106.95696,0,0,109831.03,11.606698
1981,2,4,5,32000,33000,10.404,130000,7,2528,45738,3,36800,10.51325,7,11.77529,1,7.8351836,10.730684,10.51325,108.24323,0,0,99846.391,11.511388
1981,0,0,5,32000,32000,10.373,135000,7,2464,46609,3,36700,10.51053,7,11.81303,1,7.8095412,10.749549,10.51053,107.59913,0,0,103686.63,11.549129
1981,2,4,5,31000,31000,10.342,141000,7,2920,43560,3,35000,10.4631,7,11.856515,1,7.9793391,10.681894,10.4631,106.95696,0,0,108294.93,11.592613
1981,0,0,5,31000,31000,10.342,125000,7,2548,43560,3,35000,10.4631,7,11.736069,1,7.8430638,10.681894,10.4631,106.95696,0,0,96006.141,11.472167
1981,0,0,0,24000,24000,10.086,172900,7,2580,53579,3,29100,10.27849,7,12.060469,1,7.8555446,10.888912,10.27849,101.7274,0,0,132795.7,11.796567
1981,0,0,0,24000,24000,10.086,177755,7,2738,45973,3,28600,10.26116,7,12.088161,1,7.9149828,10.735809,10.26116,101.7274,0,0,136524.58,11.82426
1981,0,0,0,25000,25000,10.127,125000,7,2208,45738,3,29500,10.29215,7,11.736069,1,7.6998425,10.730684,10.29215,102.55613,0,0,96006.141,11.472167
1981,0,0,0,23000,23000,10.043,173500,7,2900,43560,3,28200,10.24708,7,12.063932,1,7.972466,10.681894,10.24708,100.86185,0,0,133256.53,11.800032
1981,0,0,0,23000,23000,10.043,169000,7,3292,43560,3,28100,10.24352,7,12.037654,1,8.0992508,10.681894,10.24352,100.86185,0,0,129800.3,11.773752
1981,0,0,0,24000,24000,10.086,167950,6,2472,52708,3,28800,10.26813,7,12.031422,1,7.8127828,10.872522,10.26813,101.7274,0,0,128993.86,11.76752
1981,0,0,0,23000,24000,10.086,145000,7,2569,43560,3,28600,10.26116,7,11.884489,1,7.8512721,10.681894,10.26116,101.7274,0,0,111367.13,11.620587
1981,0,0,0,23000,23000,10.043,159900,7,2464,47480,3,28400,10.25414,7,11.982304,1,7.8095412,10.768064,10.25414,100.86185,0,0,122811.06,11.718402
1981,0,0,0,23000,23000,10.043,172267,7,2826,46598,3,28300,10.25062,7,12.056801,1,7.9466176,10.749313,10.25062,100.86185,0,0,132309.53,11.792899
1981,0,0,0,23000,23000,10.043,156900,7,2464,43908,3,28300,10.25062,7,11.963364,1,7.8095412,10.689852,10.25062,100.86185,0,0,120506.91,11.699462
1981,0,0,0,23000,23000,10.043,169900,7,2832,43560,3,28100,10.24352,7,12.042965,1,7.9487386,10.681894,10.24352,100.86185,0,0,130491.55,11.779064
1981,7,49,2,23000,23000,10.043,129900,7,2056,65340,3,28300,10.25062,7,11.77452,1,7.6285176,11.087359,10.25062,100.86185,0,0,99769.586,11.510618
1981,26,676,2,21000,21000,9.9523001,109900,7,2632,64904,2,27000,10.20359,7,11.607327,1,7.8754992,11.080665,10.20359,99.048279,0,0,84408.602,11.343425
1981,13,169,2,18000,19000,9.8521996,120000,6,2528,44431,3,24500,10.10643,7,11.695247,1,7.8351836,10.701693,10.10643,97.065834,0,0,92165.898,11.431346
1981,7,49,2,22000,22000,9.9988003,140000,6,1800,44867,3,28100,10.24352,7,11.849398,1,7.495542,10.711458,10.24352,99.976006,0,0,107526.88,11.585496
1981,7,49,2,23000,23000,10.043,83000,6,1182,44247,1,28900,10.2716,7,11.326596,1,7.0749631,10.697543,10.2716,100.86185,0,0,63748.078,11.062695
1981,0,0,2,21000,21000,9.9523001,175000,7,2738,59790,3,26600,10.18867,7,12.072541,1,7.9149828,10.998593,10.18867,99.048279,0,0,134408.61,11.80864
1981,7,49,2,20000,20000,9.9034996,117500,8,2016,44900,3,25800,10.15813,7,11.674193,1,7.6088705,10.712193,10.15813,98.079308,0,0,90245.773,11.410292
1981,0,0,2,20000,20000,9.9034996,155500,7,2610,44431,3,25800,10.15813,7,11.954401,1,7.8671055,10.701693,10.15813,98.079308,0,0,119431.64,11.690499
1981,2,4,2,20000,20000,9.9034996,158000,7,2627,43560,3,25600,10.15035,7,11.97035,1,7.8735976,10.681894,10.15035,98.079308,0,0,121351.77,11.706449
1981,7,49,0,20000,19000,9.8521996,115000,6,1848,46300,2,26500,10.1849,5,11.652687,1,7.5218592,10.742897,10.1849,97.065834,0,0,88325.656,11.388786
1981,6,36,3,27000,26000,10.166,133500,7,2648,46609,3,33000,10.40426,7,11.801857,1,7.8815598,10.749549,10.40426,103.34756,0,0,102534.56,11.537955
1981,4,16,3,26000,26000,10.166,128000,7,2464,43560,3,32700,10.39513,7,11.759786,1,7.8095412,10.681894,10.39513,103.34756,0,0,98310.289,11.495884
1981,5,25,3,30000,29000,10.275,105000,7,1998,67954,3,36400,10.50232,7,11.561716,1,7.5999022,11.126586,10.50232,105.57561,0,0,80645.164,11.297814
1981,16,256,0,33000,33000,10.404,90000,6,1549,44431,1,38900,10.56875,7,11.407565,1,7.345365,10.701693,10.56875,108.24323,0,0,69124.422,11.143663
1981,12,144,0,11000,13000,9.4727001,270000,7,3334,43560,3,15000,9.6158047,7,12.506177,1,8.111928,10.681894,9.6158047,89.732048,1,1,207373.27,12.242275
1981,26,676,0,13000,14000,9.5467997,70000,6,1526,28314,1,17600,9.7756538,7,11.156251,1,7.3304052,10.251112,9.7756538,91.14138,0,0,53763.441,10.892349
1981,3,9,0,14000,15000,9.6157999,98000,6,1197,50965,2,18700,9.8362789,7,11.492723,1,7.0875735,10.838895,9.8362789,92.463608,0,0,75268.82,11.228821
1981,1,1,0,12000,13000,9.4727001,103900,7,1836,35284,3,17400,9.764225,7,11.551184,1,7.5153446,10.471185,9.764225,89.732048,0,0,79800.305,11.287283
1981,6,36,0,12000,12000,9.3927002,101100,7,2856,29955,2,17700,9.7813196,7,11.523866,1,7.9571772,10.307451,9.7813196,88.222816,0,0,77649.773,11.259964
1981,1,1,0,12000,13000,9.4727001,107900,7,1836,35121,2,17600,9.7756538,7,11.58896,1,7.5153446,10.466555,9.7756538,89.732048,0,0,82872.5,11.325059
1981,15,225,4,6000,6000,8.6995001,62000,6,1133,5000,1,13800,9.532424,5,11.034889,1,7.0326242,8.5171928,9.532424,75.681305,1,1,47619.047,10.770988
1981,1,1,4,6000,5000,8.5172005,96750,7,1242,23087,2,13400,9.5030098,5,11.479886,1,7.1244783,10.047025,9.5030098,72.542702,1,1,74308.758,11.215984
1981,36,1296,4,6000,6000,8.6995001,79500,5,2216,10000,2,13400,9.5030098,5,11.283512,1,7.7034593,9.2103405,9.5030098,75.681305,1,1,61059.906,11.01961
1981,0,0,4,6000,5000,8.5172005,97900,7,1226,13068,2,13100,9.4803677,5,11.491702,1,7.1115122,9.4779215,9.4803677,72.542702,1,1,75192.016,11.2278
1981,0,0,4,6000,5000,8.5172005,103900,7,1910,20909,2,13200,9.4879723,5,11.551184,1,7.5548587,9.9479351,9.4879723,72.542702,1,1,79800.305,11.287283
1981,3,9,4,5000,6000,8.6995001,70000,6,1728,10938,2,12800,9.4572001,5,11.156251,1,7.45472,9.2999983,9.4572001,75.681305,1,1,53763.441,10.892349
1981,26,676,0,10000,10000,9.2103004,175000,6,1842,29130,2,16900,9.7350693,5,12.072541,1,7.5186071,10.279524,9.7350693,84.829636,0,0,134408.61,11.80864
1981,65,4225,0,10000,10000,9.2103004,80000,5,2384,10000,2,17000,9.7409687,5,11.289782,1,7.776535,9.2103405,9.7409687,84.829636,0,0,61443.934,11.025881
1981,25,625,0,10000,10000,9.2103004,60000,6,1388,7500,1,16900,9.7350693,5,11.0021,1,7.2356191,8.922658,9.7350693,84.829636,0,0,46082.949,10.738198
1981,0,0,6,24000,26000,10.166,144500,7,3140,48787,3,25000,10.12663,11,11.881035,1,8.0519781,10.795219,10.12663,103.34756,0,0,110983.1,11.617133
1981,20,400,0,15000,15000,9.6157999,97000,6,1296,44867,2,21300,9.9664621,7,11.482467,1,7.167038,10.711458,9.9664621,92.463608,0,0,74500.766,11.218565
1981,19,361,0,14000,15000,9.6157999,95000,5,1148,44182,2,20500,9.9281797,7,11.461632,1,7.0457764,10.696073,9.9281797,92.463608,0,0,72964.672,11.197731
1981,0,0,0,13000,13000,9.4727001,204080,7,2261,45465,3,19400,9.8730278,5,12.226268,1,7.7235622,10.724698,9.8730278,89.732048,0,0,156743.47,11.962366
